week_start,sku_id,region,forecast_units
2024-01-01,SKU100,ANZ-North,2947
2024-01-01,SKU100,ANZ-South,2430
2024-01-01,SKU100,ANZ-East,3183
2024-01-01,SKU100,ANZ-West,2739
2024-01-01,SKU110,ANZ-North,1942
2024-01-01,SKU110,ANZ-South,1638
2024-01-01,SKU110,ANZ-East,1936
2024-01-01,SKU110,ANZ-West,2003
2024-01-01,SKU200,ANZ-North,1246
2024-01-01,SKU200,ANZ-South,1264
2024-01-01,SKU200,ANZ-East,1238
2024-01-01,SKU200,ANZ-West,1162
2024-01-01,SKU210,ANZ-North,1086
2024-01-01,SKU210,ANZ-South,1042
2024-01-01,SKU210,ANZ-East,1083
2024-01-01,SKU210,ANZ-West,992
2024-01-01,SKU300,ANZ-North,767
2024-01-01,SKU300,ANZ-South,683
2024-01-01,SKU300,ANZ-East,799
2024-01-01,SKU300,ANZ-West,851
2024-01-01,SKU310,ANZ-North,746
2024-01-01,SKU310,ANZ-South,647
2024-01-01,SKU310,ANZ-East,654
2024-01-01,SKU310,ANZ-West,795
2024-01-08,SKU100,ANZ-North,2762
2024-01-08,SKU100,ANZ-South,2702
2024-01-08,SKU100,ANZ-East,2663
2024-01-08,SKU100,ANZ-West,2902
2024-01-08,SKU110,ANZ-North,1964
2024-01-08,SKU110,ANZ-South,1741
2024-01-08,SKU110,ANZ-East,1693
2024-01-08,SKU110,ANZ-West,1640
2024-01-08,SKU200,ANZ-North,1271
2024-01-08,SKU200,ANZ-South,1191
2024-01-08,SKU200,ANZ-East,1393
2024-01-08,SKU200,ANZ-West,1347
2024-01-08,SKU210,ANZ-North,951
2024-01-08,SKU210,ANZ-South,1039
2024-01-08,SKU210,ANZ-East,1108
2024-01-08,SKU210,ANZ-West,1015
2024-01-08,SKU300,ANZ-North,720
2024-01-08,SKU300,ANZ-South,868
2024-01-08,SKU300,ANZ-East,758
2024-01-08,SKU300,ANZ-West,761
2024-01-08,SKU310,ANZ-North,790
2024-01-08,SKU310,ANZ-South,632
2024-01-08,SKU310,ANZ-East,677
2024-01-08,SKU310,ANZ-West,662
2024-01-15,SKU100,ANZ-North,2718
2024-01-15,SKU100,ANZ-South,2771
2024-01-15,SKU100,ANZ-East,2971
2024-01-15,SKU100,ANZ-West,2735
2024-01-15,SKU110,ANZ-North,1779
2024-01-15,SKU110,ANZ-South,1718
2024-01-15,SKU110,ANZ-East,1883
2024-01-15,SKU110,ANZ-West,1754
2024-01-15,SKU200,ANZ-North,1236
2024-01-15,SKU200,ANZ-South,1077
2024-01-15,SKU200,ANZ-East,1141
2024-01-15,SKU200,ANZ-West,1359
2024-01-15,SKU210,ANZ-North,1129
2024-01-15,SKU210,ANZ-South,1082
2024-01-15,SKU210,ANZ-East,933
2024-01-15,SKU210,ANZ-West,1006
2024-01-15,SKU300,ANZ-North,707
2024-01-15,SKU300,ANZ-South,864
2024-01-15,SKU300,ANZ-East,744
2024-01-15,SKU300,ANZ-West,796
2024-01-15,SKU310,ANZ-North,769
2024-01-15,SKU310,ANZ-South,636
2024-01-15,SKU310,ANZ-East,685
2024-01-15,SKU310,ANZ-West,576
2024-01-22,SKU100,ANZ-North,3223
2024-01-22,SKU100,ANZ-South,2702
2024-01-22,SKU100,ANZ-East,2946
2024-01-22,SKU100,ANZ-West,2870
2024-01-22,SKU110,ANZ-North,1839
2024-01-22,SKU110,ANZ-South,1693
2024-01-22,SKU110,ANZ-East,1970
2024-01-22,SKU110,ANZ-West,1844
2024-01-22,SKU200,ANZ-North,1241
2024-01-22,SKU200,ANZ-South,1266
2024-01-22,SKU200,ANZ-East,1270
2024-01-22,SKU200,ANZ-West,1352
2024-01-22,SKU210,ANZ-North,1251
2024-01-22,SKU210,ANZ-South,1057
2024-01-22,SKU210,ANZ-East,1008
2024-01-22,SKU210,ANZ-West,1069
2024-01-22,SKU300,ANZ-North,772
2024-01-22,SKU300,ANZ-South,823
2024-01-22,SKU300,ANZ-East,753
2024-01-22,SKU300,ANZ-West,794
2024-01-22,SKU310,ANZ-North,663
2024-01-22,SKU310,ANZ-South,716
2024-01-22,SKU310,ANZ-East,642
2024-01-22,SKU310,ANZ-West,714
2024-01-29,SKU100,ANZ-North,2980
2024-01-29,SKU100,ANZ-South,2801
2024-01-29,SKU100,ANZ-East,2274
2024-01-29,SKU100,ANZ-West,2760
2024-01-29,SKU110,ANZ-North,1854
2024-01-29,SKU110,ANZ-South,1968
2024-01-29,SKU110,ANZ-East,1893
2024-01-29,SKU110,ANZ-West,1964
2024-01-29,SKU200,ANZ-North,1226
2024-01-29,SKU200,ANZ-South,1150
2024-01-29,SKU200,ANZ-East,1203
2024-01-29,SKU200,ANZ-West,1304
2024-01-29,SKU210,ANZ-North,1056
2024-01-29,SKU210,ANZ-South,981
2024-01-29,SKU210,ANZ-East,995
2024-01-29,SKU210,ANZ-West,1049
2024-01-29,SKU300,ANZ-North,731
2024-01-29,SKU300,ANZ-South,809
2024-01-29,SKU300,ANZ-East,733
2024-01-29,SKU300,ANZ-West,690
2024-01-29,SKU310,ANZ-North,692
2024-01-29,SKU310,ANZ-South,720
2024-01-29,SKU310,ANZ-East,621
2024-01-29,SKU310,ANZ-West,764
2024-02-05,SKU100,ANZ-North,2661
2024-02-05,SKU100,ANZ-South,2467
2024-02-05,SKU100,ANZ-East,2687
2024-02-05,SKU100,ANZ-West,2711
2024-02-05,SKU110,ANZ-North,1856
2024-02-05,SKU110,ANZ-South,1809
2024-02-05,SKU110,ANZ-East,2092
2024-02-05,SKU110,ANZ-West,1752
2024-02-05,SKU200,ANZ-North,1396
2024-02-05,SKU200,ANZ-South,1253
2024-02-05,SKU200,ANZ-East,1167
2024-02-05,SKU200,ANZ-West,1225
2024-02-05,SKU210,ANZ-North,971
2024-02-05,SKU210,ANZ-South,950
2024-02-05,SKU210,ANZ-East,1008
2024-02-05,SKU210,ANZ-West,1018
2024-02-05,SKU300,ANZ-North,798
2024-02-05,SKU300,ANZ-South,856
2024-02-05,SKU300,ANZ-East,676
2024-02-05,SKU300,ANZ-West,743
2024-02-05,SKU310,ANZ-North,668
2024-02-05,SKU310,ANZ-South,718
2024-02-05,SKU310,ANZ-East,618
2024-02-05,SKU310,ANZ-West,723
2024-02-12,SKU100,ANZ-North,2575
2024-02-12,SKU100,ANZ-South,2674
2024-02-12,SKU100,ANZ-East,2582
2024-02-12,SKU100,ANZ-West,2570
2024-02-12,SKU110,ANZ-North,1659
2024-02-12,SKU110,ANZ-South,1519
2024-02-12,SKU110,ANZ-East,1727
2024-02-12,SKU110,ANZ-West,1790
2024-02-12,SKU200,ANZ-North,1346
2024-02-12,SKU200,ANZ-South,1380
2024-02-12,SKU200,ANZ-East,1476
2024-02-12,SKU200,ANZ-West,1187
2024-02-12,SKU210,ANZ-North,983
2024-02-12,SKU210,ANZ-South,1234
2024-02-12,SKU210,ANZ-East,1089
2024-02-12,SKU210,ANZ-West,998
2024-02-12,SKU300,ANZ-North,885
2024-02-12,SKU300,ANZ-South,741
2024-02-12,SKU300,ANZ-East,771
2024-02-12,SKU300,ANZ-West,781
2024-02-12,SKU310,ANZ-North,874
2024-02-12,SKU310,ANZ-South,719
2024-02-12,SKU310,ANZ-East,779
2024-02-12,SKU310,ANZ-West,712
2024-02-19,SKU100,ANZ-North,2611
2024-02-19,SKU100,ANZ-South,2668
2024-02-19,SKU100,ANZ-East,2443
2024-02-19,SKU100,ANZ-West,2416
2024-02-19,SKU110,ANZ-North,1908
2024-02-19,SKU110,ANZ-South,1814
2024-02-19,SKU110,ANZ-East,1749
2024-02-19,SKU110,ANZ-West,1893
2024-02-19,SKU200,ANZ-North,1228
2024-02-19,SKU200,ANZ-South,1100
2024-02-19,SKU200,ANZ-East,1145
2024-02-19,SKU200,ANZ-West,1373
2024-02-19,SKU210,ANZ-North,1004
2024-02-19,SKU210,ANZ-South,1063
2024-02-19,SKU210,ANZ-East,889
2024-02-19,SKU210,ANZ-West,989
2024-02-19,SKU300,ANZ-North,812
2024-02-19,SKU300,ANZ-South,828
2024-02-19,SKU300,ANZ-East,704
2024-02-19,SKU300,ANZ-West,778
2024-02-19,SKU310,ANZ-North,668
2024-02-19,SKU310,ANZ-South,734
2024-02-19,SKU310,ANZ-East,667
2024-02-19,SKU310,ANZ-West,685
2024-02-26,SKU100,ANZ-North,2622
2024-02-26,SKU100,ANZ-South,2740
2024-02-26,SKU100,ANZ-East,2763
2024-02-26,SKU100,ANZ-West,2774
2024-02-26,SKU110,ANZ-North,1889
2024-02-26,SKU110,ANZ-South,1897
2024-02-26,SKU110,ANZ-East,1820
2024-02-26,SKU110,ANZ-West,1646
2024-02-26,SKU200,ANZ-North,1357
2024-02-26,SKU200,ANZ-South,1162
2024-02-26,SKU200,ANZ-East,1170
2024-02-26,SKU200,ANZ-West,1340
2024-02-26,SKU210,ANZ-North,946
2024-02-26,SKU210,ANZ-South,974
2024-02-26,SKU210,ANZ-East,933
2024-02-26,SKU210,ANZ-West,1119
2024-02-26,SKU300,ANZ-North,727
2024-02-26,SKU300,ANZ-South,834
2024-02-26,SKU300,ANZ-East,811
2024-02-26,SKU300,ANZ-West,815
2024-02-26,SKU310,ANZ-North,762
2024-02-26,SKU310,ANZ-South,779
2024-02-26,SKU310,ANZ-East,734
2024-02-26,SKU310,ANZ-West,797
2024-03-04,SKU100,ANZ-North,1976
2024-03-04,SKU100,ANZ-South,2061
2024-03-04,SKU100,ANZ-East,2261
2024-03-04,SKU100,ANZ-West,2206
2024-03-04,SKU110,ANZ-North,1476
2024-03-04,SKU110,ANZ-South,1419
2024-03-04,SKU110,ANZ-East,1549
2024-03-04,SKU110,ANZ-West,1193
2024-03-04,SKU200,ANZ-North,1170
2024-03-04,SKU200,ANZ-South,1234
2024-03-04,SKU200,ANZ-East,1247
2024-03-04,SKU200,ANZ-West,1172
2024-03-04,SKU210,ANZ-North,970
2024-03-04,SKU210,ANZ-South,929
2024-03-04,SKU210,ANZ-East,1234
2024-03-04,SKU210,ANZ-West,930
2024-03-04,SKU300,ANZ-North,860
2024-03-04,SKU300,ANZ-South,829
2024-03-04,SKU300,ANZ-East,858
2024-03-04,SKU300,ANZ-West,931
2024-03-04,SKU310,ANZ-North,916
2024-03-04,SKU310,ANZ-South,753
2024-03-04,SKU310,ANZ-East,699
2024-03-04,SKU310,ANZ-West,830
2024-03-11,SKU100,ANZ-North,1918
2024-03-11,SKU100,ANZ-South,1916
2024-03-11,SKU100,ANZ-East,2083
2024-03-11,SKU100,ANZ-West,2058
2024-03-11,SKU110,ANZ-North,1203
2024-03-11,SKU110,ANZ-South,1486
2024-03-11,SKU110,ANZ-East,1400
2024-03-11,SKU110,ANZ-West,1487
2024-03-11,SKU200,ANZ-North,1117
2024-03-11,SKU200,ANZ-South,1165
2024-03-11,SKU200,ANZ-East,1325
2024-03-11,SKU200,ANZ-West,1179
2024-03-11,SKU210,ANZ-North,924
2024-03-11,SKU210,ANZ-South,1133
2024-03-11,SKU210,ANZ-East,870
2024-03-11,SKU210,ANZ-West,1107
2024-03-11,SKU300,ANZ-North,901
2024-03-11,SKU300,ANZ-South,836
2024-03-11,SKU300,ANZ-East,831
2024-03-11,SKU300,ANZ-West,857
2024-03-11,SKU310,ANZ-North,845
2024-03-11,SKU310,ANZ-South,765
2024-03-11,SKU310,ANZ-East,767
2024-03-11,SKU310,ANZ-West,863
2024-03-18,SKU100,ANZ-North,2138
2024-03-18,SKU100,ANZ-South,2151
2024-03-18,SKU100,ANZ-East,2106
2024-03-18,SKU100,ANZ-West,2237
2024-03-18,SKU110,ANZ-North,1380
2024-03-18,SKU110,ANZ-South,1384
2024-03-18,SKU110,ANZ-East,1503
2024-03-18,SKU110,ANZ-West,1234
2024-03-18,SKU200,ANZ-North,1237
2024-03-18,SKU200,ANZ-South,1275
2024-03-18,SKU200,ANZ-East,1309
2024-03-18,SKU200,ANZ-West,1257
2024-03-18,SKU210,ANZ-North,1174
2024-03-18,SKU210,ANZ-South,1109
2024-03-18,SKU210,ANZ-East,1114
2024-03-18,SKU210,ANZ-West,1014
2024-03-18,SKU300,ANZ-North,864
2024-03-18,SKU300,ANZ-South,746
2024-03-18,SKU300,ANZ-East,921
2024-03-18,SKU300,ANZ-West,848
2024-03-18,SKU310,ANZ-North,718
2024-03-18,SKU310,ANZ-South,728
2024-03-18,SKU310,ANZ-East,648
2024-03-18,SKU310,ANZ-West,797
2024-03-25,SKU100,ANZ-North,1991
2024-03-25,SKU100,ANZ-South,2226
2024-03-25,SKU100,ANZ-East,2084
2024-03-25,SKU100,ANZ-West,2092
2024-03-25,SKU110,ANZ-North,1612
2024-03-25,SKU110,ANZ-South,1364
2024-03-25,SKU110,ANZ-East,1396
2024-03-25,SKU110,ANZ-West,1625
2024-03-25,SKU200,ANZ-North,1260
2024-03-25,SKU200,ANZ-South,1324
2024-03-25,SKU200,ANZ-East,1251
2024-03-25,SKU200,ANZ-West,1210
2024-03-25,SKU210,ANZ-North,1001
2024-03-25,SKU210,ANZ-South,988
2024-03-25,SKU210,ANZ-East,1168
2024-03-25,SKU210,ANZ-West,964
2024-03-25,SKU300,ANZ-North,810
2024-03-25,SKU300,ANZ-South,978
2024-03-25,SKU300,ANZ-East,912
2024-03-25,SKU300,ANZ-West,854
2024-03-25,SKU310,ANZ-North,866
2024-03-25,SKU310,ANZ-South,761
2024-03-25,SKU310,ANZ-East,725
2024-03-25,SKU310,ANZ-West,785
2024-04-01,SKU100,ANZ-North,2156
2024-04-01,SKU100,ANZ-South,1973
2024-04-01,SKU100,ANZ-East,2022
2024-04-01,SKU100,ANZ-West,2001
2024-04-01,SKU110,ANZ-North,1312
2024-04-01,SKU110,ANZ-South,1380
2024-04-01,SKU110,ANZ-East,1403
2024-04-01,SKU110,ANZ-West,1388
2024-04-01,SKU200,ANZ-North,1186
2024-04-01,SKU200,ANZ-South,1020
2024-04-01,SKU200,ANZ-East,1502
2024-04-01,SKU200,ANZ-West,1394
2024-04-01,SKU210,ANZ-North,1067
2024-04-01,SKU210,ANZ-South,1072
2024-04-01,SKU210,ANZ-East,958
2024-04-01,SKU210,ANZ-West,1108
2024-04-01,SKU300,ANZ-North,751
2024-04-01,SKU300,ANZ-South,906
2024-04-01,SKU300,ANZ-East,911
2024-04-01,SKU300,ANZ-West,829
2024-04-01,SKU310,ANZ-North,756
2024-04-01,SKU310,ANZ-South,878
2024-04-01,SKU310,ANZ-East,865
2024-04-01,SKU310,ANZ-West,806
2024-04-08,SKU100,ANZ-North,2070
2024-04-08,SKU100,ANZ-South,2199
2024-04-08,SKU100,ANZ-East,2411
2024-04-08,SKU100,ANZ-West,1980
2024-04-08,SKU110,ANZ-North,1436
2024-04-08,SKU110,ANZ-South,1470
2024-04-08,SKU110,ANZ-East,1551
2024-04-08,SKU110,ANZ-West,1474
2024-04-08,SKU200,ANZ-North,1160
2024-04-08,SKU200,ANZ-South,1355
2024-04-08,SKU200,ANZ-East,1089
2024-04-08,SKU200,ANZ-West,1132
2024-04-08,SKU210,ANZ-North,997
2024-04-08,SKU210,ANZ-South,1051
2024-04-08,SKU210,ANZ-East,1086
2024-04-08,SKU210,ANZ-West,1155
2024-04-08,SKU300,ANZ-North,897
2024-04-08,SKU300,ANZ-South,958
2024-04-08,SKU300,ANZ-East,840
2024-04-08,SKU300,ANZ-West,913
2024-04-08,SKU310,ANZ-North,757
2024-04-08,SKU310,ANZ-South,752
2024-04-08,SKU310,ANZ-East,720
2024-04-08,SKU310,ANZ-West,720
2024-04-15,SKU100,ANZ-North,2081
2024-04-15,SKU100,ANZ-South,2090
2024-04-15,SKU100,ANZ-East,2133
2024-04-15,SKU100,ANZ-West,1829
2024-04-15,SKU110,ANZ-North,1332
2024-04-15,SKU110,ANZ-South,1249
2024-04-15,SKU110,ANZ-East,1400
2024-04-15,SKU110,ANZ-West,1324
2024-04-15,SKU200,ANZ-North,1211
2024-04-15,SKU200,ANZ-South,1209
2024-04-15,SKU200,ANZ-East,1191
2024-04-15,SKU200,ANZ-West,1276
2024-04-15,SKU210,ANZ-North,859
2024-04-15,SKU210,ANZ-South,1104
2024-04-15,SKU210,ANZ-East,1226
2024-04-15,SKU210,ANZ-West,1018
2024-04-15,SKU300,ANZ-North,833
2024-04-15,SKU300,ANZ-South,769
2024-04-15,SKU300,ANZ-East,946
2024-04-15,SKU300,ANZ-West,849
2024-04-15,SKU310,ANZ-North,739
2024-04-15,SKU310,ANZ-South,793
2024-04-15,SKU310,ANZ-East,777
2024-04-15,SKU310,ANZ-West,744
2024-04-22,SKU100,ANZ-North,2044
2024-04-22,SKU100,ANZ-South,1892
2024-04-22,SKU100,ANZ-East,2112
2024-04-22,SKU100,ANZ-West,2369
2024-04-22,SKU110,ANZ-North,1433
2024-04-22,SKU110,ANZ-South,1282
2024-04-22,SKU110,ANZ-East,1267
2024-04-22,SKU110,ANZ-West,1483
2024-04-22,SKU200,ANZ-North,1036
2024-04-22,SKU200,ANZ-South,1035
2024-04-22,SKU200,ANZ-East,1224
2024-04-22,SKU200,ANZ-West,1111
2024-04-22,SKU210,ANZ-North,1092
2024-04-22,SKU210,ANZ-South,1059
2024-04-22,SKU210,ANZ-East,1136
2024-04-22,SKU210,ANZ-West,1040
2024-04-22,SKU300,ANZ-North,906
2024-04-22,SKU300,ANZ-South,714
2024-04-22,SKU300,ANZ-East,876
2024-04-22,SKU300,ANZ-West,895
2024-04-22,SKU310,ANZ-North,735
2024-04-22,SKU310,ANZ-South,797
2024-04-22,SKU310,ANZ-East,824
2024-04-22,SKU310,ANZ-West,782
2024-04-29,SKU100,ANZ-North,2340
2024-04-29,SKU100,ANZ-South,2017
2024-04-29,SKU100,ANZ-East,2072
2024-04-29,SKU100,ANZ-West,2086
2024-04-29,SKU110,ANZ-North,1382
2024-04-29,SKU110,ANZ-South,1303
2024-04-29,SKU110,ANZ-East,1321
2024-04-29,SKU110,ANZ-West,1429
2024-04-29,SKU200,ANZ-North,1240
2024-04-29,SKU200,ANZ-South,1318
2024-04-29,SKU200,ANZ-East,1292
2024-04-29,SKU200,ANZ-West,1307
2024-04-29,SKU210,ANZ-North,967
2024-04-29,SKU210,ANZ-South,878
2024-04-29,SKU210,ANZ-East,998
2024-04-29,SKU210,ANZ-West,997
2024-04-29,SKU300,ANZ-North,788
2024-04-29,SKU300,ANZ-South,775
2024-04-29,SKU300,ANZ-East,922
2024-04-29,SKU300,ANZ-West,980
2024-04-29,SKU310,ANZ-North,736
2024-04-29,SKU310,ANZ-South,909
2024-04-29,SKU310,ANZ-East,717
2024-04-29,SKU310,ANZ-West,815
2024-05-06,SKU100,ANZ-North,1969
2024-05-06,SKU100,ANZ-South,1909
2024-05-06,SKU100,ANZ-East,2120
2024-05-06,SKU100,ANZ-West,2137
2024-05-06,SKU110,ANZ-North,1392
2024-05-06,SKU110,ANZ-South,1509
2024-05-06,SKU110,ANZ-East,1387
2024-05-06,SKU110,ANZ-West,1234
2024-05-06,SKU200,ANZ-North,1254
2024-05-06,SKU200,ANZ-South,1366
2024-05-06,SKU200,ANZ-East,1024
2024-05-06,SKU200,ANZ-West,1325
2024-05-06,SKU210,ANZ-North,872
2024-05-06,SKU210,ANZ-South,1137
2024-05-06,SKU210,ANZ-East,1018
2024-05-06,SKU210,ANZ-West,1105
2024-05-06,SKU300,ANZ-North,996
2024-05-06,SKU300,ANZ-South,988
2024-05-06,SKU300,ANZ-East,945
2024-05-06,SKU300,ANZ-West,972
2024-05-06,SKU310,ANZ-North,813
2024-05-06,SKU310,ANZ-South,754
2024-05-06,SKU310,ANZ-East,799
2024-05-06,SKU310,ANZ-West,910
2024-05-13,SKU100,ANZ-North,1985
2024-05-13,SKU100,ANZ-South,2338
2024-05-13,SKU100,ANZ-East,1902
2024-05-13,SKU100,ANZ-West,1875
2024-05-13,SKU110,ANZ-North,1439
2024-05-13,SKU110,ANZ-South,1506
2024-05-13,SKU110,ANZ-East,1412
2024-05-13,SKU110,ANZ-West,1394
2024-05-13,SKU200,ANZ-North,1184
2024-05-13,SKU200,ANZ-South,1238
2024-05-13,SKU200,ANZ-East,1270
2024-05-13,SKU200,ANZ-West,1172
2024-05-13,SKU210,ANZ-North,1026
2024-05-13,SKU210,ANZ-South,1046
2024-05-13,SKU210,ANZ-East,1091
2024-05-13,SKU210,ANZ-West,1085
2024-05-13,SKU300,ANZ-North,861
2024-05-13,SKU300,ANZ-South,876
2024-05-13,SKU300,ANZ-East,961
2024-05-13,SKU300,ANZ-West,771
2024-05-13,SKU310,ANZ-North,774
2024-05-13,SKU310,ANZ-South,768
2024-05-13,SKU310,ANZ-East,650
2024-05-13,SKU310,ANZ-West,926
2024-05-20,SKU100,ANZ-North,1990
2024-05-20,SKU100,ANZ-South,2282
2024-05-20,SKU100,ANZ-East,2064
2024-05-20,SKU100,ANZ-West,1970
2024-05-20,SKU110,ANZ-North,1493
2024-05-20,SKU110,ANZ-South,1351
2024-05-20,SKU110,ANZ-East,1325
2024-05-20,SKU110,ANZ-West,1582
2024-05-20,SKU200,ANZ-North,1087
2024-05-20,SKU200,ANZ-South,1278
2024-05-20,SKU200,ANZ-East,1058
2024-05-20,SKU200,ANZ-West,1300
2024-05-20,SKU210,ANZ-North,1055
2024-05-20,SKU210,ANZ-South,1061
2024-05-20,SKU210,ANZ-East,1024
2024-05-20,SKU210,ANZ-West,970
2024-05-20,SKU300,ANZ-North,833
2024-05-20,SKU300,ANZ-South,810
2024-05-20,SKU300,ANZ-East,772
2024-05-20,SKU300,ANZ-West,874
2024-05-20,SKU310,ANZ-North,771
2024-05-20,SKU310,ANZ-South,863
2024-05-20,SKU310,ANZ-East,791
2024-05-20,SKU310,ANZ-West,704
2024-05-27,SKU100,ANZ-North,2265
2024-05-27,SKU100,ANZ-South,2122
2024-05-27,SKU100,ANZ-East,2028
2024-05-27,SKU100,ANZ-West,2217
2024-05-27,SKU110,ANZ-North,1317
2024-05-27,SKU110,ANZ-South,1603
2024-05-27,SKU110,ANZ-East,1491
2024-05-27,SKU110,ANZ-West,1537
2024-05-27,SKU200,ANZ-North,1188
2024-05-27,SKU200,ANZ-South,1039
2024-05-27,SKU200,ANZ-East,1335
2024-05-27,SKU200,ANZ-West,1120
2024-05-27,SKU210,ANZ-North,1071
2024-05-27,SKU210,ANZ-South,1076
2024-05-27,SKU210,ANZ-East,1008
2024-05-27,SKU210,ANZ-West,1012
2024-05-27,SKU300,ANZ-North,1021
2024-05-27,SKU300,ANZ-South,908
2024-05-27,SKU300,ANZ-East,863
2024-05-27,SKU300,ANZ-West,900
2024-05-27,SKU310,ANZ-North,800
2024-05-27,SKU310,ANZ-South,819
2024-05-27,SKU310,ANZ-East,763
2024-05-27,SKU310,ANZ-West,805
2024-06-03,SKU100,ANZ-North,1707
2024-06-03,SKU100,ANZ-South,1482
2024-06-03,SKU100,ANZ-East,1692
2024-06-03,SKU100,ANZ-West,1570
2024-06-03,SKU110,ANZ-North,1190
2024-06-03,SKU110,ANZ-South,1233
2024-06-03,SKU110,ANZ-East,1221
2024-06-03,SKU110,ANZ-West,1048
2024-06-03,SKU200,ANZ-North,1287
2024-06-03,SKU200,ANZ-South,1326
2024-06-03,SKU200,ANZ-East,1214
2024-06-03,SKU200,ANZ-West,1371
2024-06-03,SKU210,ANZ-North,1086
2024-06-03,SKU210,ANZ-South,1122
2024-06-03,SKU210,ANZ-East,1125
2024-06-03,SKU210,ANZ-West,1015
2024-06-03,SKU300,ANZ-North,779
2024-06-03,SKU300,ANZ-South,804
2024-06-03,SKU300,ANZ-East,814
2024-06-03,SKU300,ANZ-West,766
2024-06-03,SKU310,ANZ-North,879
2024-06-03,SKU310,ANZ-South,731
2024-06-03,SKU310,ANZ-East,822
2024-06-03,SKU310,ANZ-West,729
2024-06-10,SKU100,ANZ-North,1795
2024-06-10,SKU100,ANZ-South,1743
2024-06-10,SKU100,ANZ-East,1600
2024-06-10,SKU100,ANZ-West,1530
2024-06-10,SKU110,ANZ-North,1052
2024-06-10,SKU110,ANZ-South,939
2024-06-10,SKU110,ANZ-East,1066
2024-06-10,SKU110,ANZ-West,1118
2024-06-10,SKU200,ANZ-North,1233
2024-06-10,SKU200,ANZ-South,1322
2024-06-10,SKU200,ANZ-East,1165
2024-06-10,SKU200,ANZ-West,1115
2024-06-10,SKU210,ANZ-North,1130
2024-06-10,SKU210,ANZ-South,1013
2024-06-10,SKU210,ANZ-East,946
2024-06-10,SKU210,ANZ-West,1028
2024-06-10,SKU300,ANZ-North,910
2024-06-10,SKU300,ANZ-South,841
2024-06-10,SKU300,ANZ-East,995
2024-06-10,SKU300,ANZ-West,801
2024-06-10,SKU310,ANZ-North,776
2024-06-10,SKU310,ANZ-South,708
2024-06-10,SKU310,ANZ-East,801
2024-06-10,SKU310,ANZ-West,809
2024-06-17,SKU100,ANZ-North,1589
2024-06-17,SKU100,ANZ-South,1644
2024-06-17,SKU100,ANZ-East,1495
2024-06-17,SKU100,ANZ-West,1669
2024-06-17,SKU110,ANZ-North,1150
2024-06-17,SKU110,ANZ-South,1095
2024-06-17,SKU110,ANZ-East,1135
2024-06-17,SKU110,ANZ-West,1008
2024-06-17,SKU200,ANZ-North,1219
2024-06-17,SKU200,ANZ-South,1226
2024-06-17,SKU200,ANZ-East,1321
2024-06-17,SKU200,ANZ-West,1211
2024-06-17,SKU210,ANZ-North,1167
2024-06-17,SKU210,ANZ-South,1147
2024-06-17,SKU210,ANZ-East,983
2024-06-17,SKU210,ANZ-West,918
2024-06-17,SKU300,ANZ-North,899
2024-06-17,SKU300,ANZ-South,887
2024-06-17,SKU300,ANZ-East,889
2024-06-17,SKU300,ANZ-West,955
2024-06-17,SKU310,ANZ-North,723
2024-06-17,SKU310,ANZ-South,806
2024-06-17,SKU310,ANZ-East,881
2024-06-17,SKU310,ANZ-West,692
2024-06-24,SKU100,ANZ-North,1717
2024-06-24,SKU100,ANZ-South,1890
2024-06-24,SKU100,ANZ-East,1592
2024-06-24,SKU100,ANZ-West,1436
2024-06-24,SKU110,ANZ-North,1182
2024-06-24,SKU110,ANZ-South,1104
2024-06-24,SKU110,ANZ-East,1109
2024-06-24,SKU110,ANZ-West,1093
2024-06-24,SKU200,ANZ-North,1179
2024-06-24,SKU200,ANZ-South,1274
2024-06-24,SKU200,ANZ-East,1037
2024-06-24,SKU200,ANZ-West,1322
2024-06-24,SKU210,ANZ-North,986
2024-06-24,SKU210,ANZ-South,1108
2024-06-24,SKU210,ANZ-East,1210
2024-06-24,SKU210,ANZ-West,1006
2024-06-24,SKU300,ANZ-North,862
2024-06-24,SKU300,ANZ-South,818
2024-06-24,SKU300,ANZ-East,1012
2024-06-24,SKU300,ANZ-West,808
2024-06-24,SKU310,ANZ-North,778
2024-06-24,SKU310,ANZ-South,828
2024-06-24,SKU310,ANZ-East,703
2024-06-24,SKU310,ANZ-West,765
2024-07-01,SKU100,ANZ-North,1643
2024-07-01,SKU100,ANZ-South,1585
2024-07-01,SKU100,ANZ-East,1607
2024-07-01,SKU100,ANZ-West,1620
2024-07-01,SKU110,ANZ-North,1201
2024-07-01,SKU110,ANZ-South,1230
2024-07-01,SKU110,ANZ-East,1230
2024-07-01,SKU110,ANZ-West,1029
2024-07-01,SKU200,ANZ-North,1123
2024-07-01,SKU200,ANZ-South,1070
2024-07-01,SKU200,ANZ-East,1143
2024-07-01,SKU200,ANZ-West,1145
2024-07-01,SKU210,ANZ-North,950
2024-07-01,SKU210,ANZ-South,1001
2024-07-01,SKU210,ANZ-East,1123
2024-07-01,SKU210,ANZ-West,1001
2024-07-01,SKU300,ANZ-North,877
2024-07-01,SKU300,ANZ-South,897
2024-07-01,SKU300,ANZ-East,913
2024-07-01,SKU300,ANZ-West,1076
2024-07-01,SKU310,ANZ-North,784
2024-07-01,SKU310,ANZ-South,708
2024-07-01,SKU310,ANZ-East,801
2024-07-01,SKU310,ANZ-West,592
2024-07-08,SKU100,ANZ-North,1476
2024-07-08,SKU100,ANZ-South,1613
2024-07-08,SKU100,ANZ-East,1688
2024-07-08,SKU100,ANZ-West,1580
2024-07-08,SKU110,ANZ-North,1115
2024-07-08,SKU110,ANZ-South,1188
2024-07-08,SKU110,ANZ-East,999
2024-07-08,SKU110,ANZ-West,936
2024-07-08,SKU200,ANZ-North,1135
2024-07-08,SKU200,ANZ-South,1271
2024-07-08,SKU200,ANZ-East,1234
2024-07-08,SKU200,ANZ-West,1337
2024-07-08,SKU210,ANZ-North,1034
2024-07-08,SKU210,ANZ-South,1035
2024-07-08,SKU210,ANZ-East,954
2024-07-08,SKU210,ANZ-West,982
2024-07-08,SKU300,ANZ-North,900
2024-07-08,SKU300,ANZ-South,908
2024-07-08,SKU300,ANZ-East,1062
2024-07-08,SKU300,ANZ-West,820
2024-07-08,SKU310,ANZ-North,905
2024-07-08,SKU310,ANZ-South,861
2024-07-08,SKU310,ANZ-East,758
2024-07-08,SKU310,ANZ-West,737
2024-07-15,SKU100,ANZ-North,1759
2024-07-15,SKU100,ANZ-South,1528
2024-07-15,SKU100,ANZ-East,1617
2024-07-15,SKU100,ANZ-West,1659
2024-07-15,SKU110,ANZ-North,1125
2024-07-15,SKU110,ANZ-South,1101
2024-07-15,SKU110,ANZ-East,1150
2024-07-15,SKU110,ANZ-West,1075
2024-07-15,SKU200,ANZ-North,1205
2024-07-15,SKU200,ANZ-South,1398
2024-07-15,SKU200,ANZ-East,1222
2024-07-15,SKU200,ANZ-West,1139
2024-07-15,SKU210,ANZ-North,1075
2024-07-15,SKU210,ANZ-South,1072
2024-07-15,SKU210,ANZ-East,1062
2024-07-15,SKU210,ANZ-West,1084
2024-07-15,SKU300,ANZ-North,642
2024-07-15,SKU300,ANZ-South,863
2024-07-15,SKU300,ANZ-East,887
2024-07-15,SKU300,ANZ-West,914
2024-07-15,SKU310,ANZ-North,782
2024-07-15,SKU310,ANZ-South,902
2024-07-15,SKU310,ANZ-East,811
2024-07-15,SKU310,ANZ-West,812
2024-07-22,SKU100,ANZ-North,1943
2024-07-22,SKU100,ANZ-South,1614
2024-07-22,SKU100,ANZ-East,2015
2024-07-22,SKU100,ANZ-West,1709
2024-07-22,SKU110,ANZ-North,1041
2024-07-22,SKU110,ANZ-South,1020
2024-07-22,SKU110,ANZ-East,1157
2024-07-22,SKU110,ANZ-West,1068
2024-07-22,SKU200,ANZ-North,1233
2024-07-22,SKU200,ANZ-South,1156
2024-07-22,SKU200,ANZ-East,1279
2024-07-22,SKU200,ANZ-West,1220
2024-07-22,SKU210,ANZ-North,1124
2024-07-22,SKU210,ANZ-South,861
2024-07-22,SKU210,ANZ-East,1056
2024-07-22,SKU210,ANZ-West,912
2024-07-22,SKU300,ANZ-North,970
2024-07-22,SKU300,ANZ-South,843
2024-07-22,SKU300,ANZ-East,923
2024-07-22,SKU300,ANZ-West,849
2024-07-22,SKU310,ANZ-North,752
2024-07-22,SKU310,ANZ-South,845
2024-07-22,SKU310,ANZ-East,802
2024-07-22,SKU310,ANZ-West,830
2024-07-29,SKU100,ANZ-North,1935
2024-07-29,SKU100,ANZ-South,1599
2024-07-29,SKU100,ANZ-East,1607
2024-07-29,SKU100,ANZ-West,1804
2024-07-29,SKU110,ANZ-North,1079
2024-07-29,SKU110,ANZ-South,1174
2024-07-29,SKU110,ANZ-East,1146
2024-07-29,SKU110,ANZ-West,1284
2024-07-29,SKU200,ANZ-North,1266
2024-07-29,SKU200,ANZ-South,1272
2024-07-29,SKU200,ANZ-East,1421
2024-07-29,SKU200,ANZ-West,1341
2024-07-29,SKU210,ANZ-North,1084
2024-07-29,SKU210,ANZ-South,988
2024-07-29,SKU210,ANZ-East,1138
2024-07-29,SKU210,ANZ-West,1081
2024-07-29,SKU300,ANZ-North,792
2024-07-29,SKU300,ANZ-South,846
2024-07-29,SKU300,ANZ-East,944
2024-07-29,SKU300,ANZ-West,1010
2024-07-29,SKU310,ANZ-North,845
2024-07-29,SKU310,ANZ-South,788
2024-07-29,SKU310,ANZ-East,857
2024-07-29,SKU310,ANZ-West,797
2024-08-05,SKU100,ANZ-North,1598
2024-08-05,SKU100,ANZ-South,1640
2024-08-05,SKU100,ANZ-East,1621
2024-08-05,SKU100,ANZ-West,1760
2024-08-05,SKU110,ANZ-North,1063
2024-08-05,SKU110,ANZ-South,1094
2024-08-05,SKU110,ANZ-East,1015
2024-08-05,SKU110,ANZ-West,1203
2024-08-05,SKU200,ANZ-North,1292
2024-08-05,SKU200,ANZ-South,1088
2024-08-05,SKU200,ANZ-East,1120
2024-08-05,SKU200,ANZ-West,1300
2024-08-05,SKU210,ANZ-North,932
2024-08-05,SKU210,ANZ-South,1051
2024-08-05,SKU210,ANZ-East,882
2024-08-05,SKU210,ANZ-West,1039
2024-08-05,SKU300,ANZ-North,779
2024-08-05,SKU300,ANZ-South,797
2024-08-05,SKU300,ANZ-East,889
2024-08-05,SKU300,ANZ-West,965
2024-08-05,SKU310,ANZ-North,861
2024-08-05,SKU310,ANZ-South,765
2024-08-05,SKU310,ANZ-East,765
2024-08-05,SKU310,ANZ-West,843
2024-08-12,SKU100,ANZ-North,1765
2024-08-12,SKU100,ANZ-South,1849
2024-08-12,SKU100,ANZ-East,1662
2024-08-12,SKU100,ANZ-West,1726
2024-08-12,SKU110,ANZ-North,942
2024-08-12,SKU110,ANZ-South,1060
2024-08-12,SKU110,ANZ-East,1147
2024-08-12,SKU110,ANZ-West,1179
2024-08-12,SKU200,ANZ-North,1088
2024-08-12,SKU200,ANZ-South,1233
2024-08-12,SKU200,ANZ-East,1226
2024-08-12,SKU200,ANZ-West,1195
2024-08-12,SKU210,ANZ-North,1020
2024-08-12,SKU210,ANZ-South,1061
2024-08-12,SKU210,ANZ-East,1034
2024-08-12,SKU210,ANZ-West,1220
2024-08-12,SKU300,ANZ-North,973
2024-08-12,SKU300,ANZ-South,882
2024-08-12,SKU300,ANZ-East,870
2024-08-12,SKU300,ANZ-West,938
2024-08-12,SKU310,ANZ-North,796
2024-08-12,SKU310,ANZ-South,795
2024-08-12,SKU310,ANZ-East,773
2024-08-12,SKU310,ANZ-West,704
2024-08-19,SKU100,ANZ-North,1623
2024-08-19,SKU100,ANZ-South,1505
2024-08-19,SKU100,ANZ-East,1654
2024-08-19,SKU100,ANZ-West,1729
2024-08-19,SKU110,ANZ-North,1291
2024-08-19,SKU110,ANZ-South,1054
2024-08-19,SKU110,ANZ-East,1137
2024-08-19,SKU110,ANZ-West,1136
2024-08-19,SKU200,ANZ-North,1098
2024-08-19,SKU200,ANZ-South,1355
2024-08-19,SKU200,ANZ-East,1234
2024-08-19,SKU200,ANZ-West,1186
2024-08-19,SKU210,ANZ-North,915
2024-08-19,SKU210,ANZ-South,912
2024-08-19,SKU210,ANZ-East,996
2024-08-19,SKU210,ANZ-West,947
2024-08-19,SKU300,ANZ-North,941
2024-08-19,SKU300,ANZ-South,835
2024-08-19,SKU300,ANZ-East,873
2024-08-19,SKU300,ANZ-West,860
2024-08-19,SKU310,ANZ-North,760
2024-08-19,SKU310,ANZ-South,660
2024-08-19,SKU310,ANZ-East,761
2024-08-19,SKU310,ANZ-West,764
2024-08-26,SKU100,ANZ-North,1626
2024-08-26,SKU100,ANZ-South,1768
2024-08-26,SKU100,ANZ-East,1946
2024-08-26,SKU100,ANZ-West,1630
2024-08-26,SKU110,ANZ-North,1086
2024-08-26,SKU110,ANZ-South,1120
2024-08-26,SKU110,ANZ-East,1110
2024-08-26,SKU110,ANZ-West,1149
2024-08-26,SKU200,ANZ-North,1164
2024-08-26,SKU200,ANZ-South,1128
2024-08-26,SKU200,ANZ-East,1381
2024-08-26,SKU200,ANZ-West,1141
2024-08-26,SKU210,ANZ-North,1109
2024-08-26,SKU210,ANZ-South,1063
2024-08-26,SKU210,ANZ-East,1025
2024-08-26,SKU210,ANZ-West,1081
2024-08-26,SKU300,ANZ-North,897
2024-08-26,SKU300,ANZ-South,933
2024-08-26,SKU300,ANZ-East,871
2024-08-26,SKU300,ANZ-West,866
2024-08-26,SKU310,ANZ-North,832
2024-08-26,SKU310,ANZ-South,787
2024-08-26,SKU310,ANZ-East,756
2024-08-26,SKU310,ANZ-West,809
2024-09-02,SKU100,ANZ-North,2210
2024-09-02,SKU100,ANZ-South,2180
2024-09-02,SKU100,ANZ-East,2179
2024-09-02,SKU100,ANZ-West,2421
2024-09-02,SKU110,ANZ-North,1457
2024-09-02,SKU110,ANZ-South,1247
2024-09-02,SKU110,ANZ-East,1237
2024-09-02,SKU110,ANZ-West,1450
2024-09-02,SKU200,ANZ-North,1322
2024-09-02,SKU200,ANZ-South,1247
2024-09-02,SKU200,ANZ-East,1338
2024-09-02,SKU200,ANZ-West,1276
2024-09-02,SKU210,ANZ-North,1148
2024-09-02,SKU210,ANZ-South,985
2024-09-02,SKU210,ANZ-East,1092
2024-09-02,SKU210,ANZ-West,981
2024-09-02,SKU300,ANZ-North,896
2024-09-02,SKU300,ANZ-South,936
2024-09-02,SKU300,ANZ-East,833
2024-09-02,SKU300,ANZ-West,876
2024-09-02,SKU310,ANZ-North,784
2024-09-02,SKU310,ANZ-South,811
2024-09-02,SKU310,ANZ-East,796
2024-09-02,SKU310,ANZ-West,796
2024-09-09,SKU100,ANZ-North,2359
2024-09-09,SKU100,ANZ-South,1864
2024-09-09,SKU100,ANZ-East,2171
2024-09-09,SKU100,ANZ-West,2031
2024-09-09,SKU110,ANZ-North,1386
2024-09-09,SKU110,ANZ-South,1295
2024-09-09,SKU110,ANZ-East,1331
2024-09-09,SKU110,ANZ-West,1411
2024-09-09,SKU200,ANZ-North,1120
2024-09-09,SKU200,ANZ-South,1276
2024-09-09,SKU200,ANZ-East,1124
2024-09-09,SKU200,ANZ-West,1170
2024-09-09,SKU210,ANZ-North,958
2024-09-09,SKU210,ANZ-South,1017
2024-09-09,SKU210,ANZ-East,1029
2024-09-09,SKU210,ANZ-West,1024
2024-09-09,SKU300,ANZ-North,821
2024-09-09,SKU300,ANZ-South,878
2024-09-09,SKU300,ANZ-East,856
2024-09-09,SKU300,ANZ-West,879
2024-09-09,SKU310,ANZ-North,819
2024-09-09,SKU310,ANZ-South,722
2024-09-09,SKU310,ANZ-East,809
2024-09-09,SKU310,ANZ-West,741
2024-09-16,SKU100,ANZ-North,2112
2024-09-16,SKU100,ANZ-South,1963
2024-09-16,SKU100,ANZ-East,2168
2024-09-16,SKU100,ANZ-West,1891
2024-09-16,SKU110,ANZ-North,1703
2024-09-16,SKU110,ANZ-South,1317
2024-09-16,SKU110,ANZ-East,1264
2024-09-16,SKU110,ANZ-West,1481
2024-09-16,SKU200,ANZ-North,1157
2024-09-16,SKU200,ANZ-South,1239
2024-09-16,SKU200,ANZ-East,1179
2024-09-16,SKU200,ANZ-West,1118
2024-09-16,SKU210,ANZ-North,1191
2024-09-16,SKU210,ANZ-South,1018
2024-09-16,SKU210,ANZ-East,1066
2024-09-16,SKU210,ANZ-West,951
2024-09-16,SKU300,ANZ-North,899
2024-09-16,SKU300,ANZ-South,895
2024-09-16,SKU300,ANZ-East,803
2024-09-16,SKU300,ANZ-West,1063
2024-09-16,SKU310,ANZ-North,708
2024-09-16,SKU310,ANZ-South,692
2024-09-16,SKU310,ANZ-East,744
2024-09-16,SKU310,ANZ-West,723
2024-09-23,SKU100,ANZ-North,2013
2024-09-23,SKU100,ANZ-South,1835
2024-09-23,SKU100,ANZ-East,2036
2024-09-23,SKU100,ANZ-West,2108
2024-09-23,SKU110,ANZ-North,1339
2024-09-23,SKU110,ANZ-South,1288
2024-09-23,SKU110,ANZ-East,1501
2024-09-23,SKU110,ANZ-West,1349
2024-09-23,SKU200,ANZ-North,1168
2024-09-23,SKU200,ANZ-South,1290
2024-09-23,SKU200,ANZ-East,1189
2024-09-23,SKU200,ANZ-West,1386
2024-09-23,SKU210,ANZ-North,1034
2024-09-23,SKU210,ANZ-South,949
2024-09-23,SKU210,ANZ-East,1192
2024-09-23,SKU210,ANZ-West,1176
2024-09-23,SKU300,ANZ-North,715
2024-09-23,SKU300,ANZ-South,984
2024-09-23,SKU300,ANZ-East,975
2024-09-23,SKU300,ANZ-West,776
2024-09-23,SKU310,ANZ-North,883
2024-09-23,SKU310,ANZ-South,808
2024-09-23,SKU310,ANZ-East,719
2024-09-23,SKU310,ANZ-West,751
2024-09-30,SKU100,ANZ-North,1963
2024-09-30,SKU100,ANZ-South,2024
2024-09-30,SKU100,ANZ-East,2088
2024-09-30,SKU100,ANZ-West,1882
2024-09-30,SKU110,ANZ-North,1449
2024-09-30,SKU110,ANZ-South,1436
2024-09-30,SKU110,ANZ-East,1265
2024-09-30,SKU110,ANZ-West,1403
2024-09-30,SKU200,ANZ-North,1263
2024-09-30,SKU200,ANZ-South,1156
2024-09-30,SKU200,ANZ-East,1096
2024-09-30,SKU200,ANZ-West,1176
2024-09-30,SKU210,ANZ-North,1110
2024-09-30,SKU210,ANZ-South,1038
2024-09-30,SKU210,ANZ-East,1068
2024-09-30,SKU210,ANZ-West,1007
2024-09-30,SKU300,ANZ-North,853
2024-09-30,SKU300,ANZ-South,897
2024-09-30,SKU300,ANZ-East,712
2024-09-30,SKU300,ANZ-West,858
2024-09-30,SKU310,ANZ-North,743
2024-09-30,SKU310,ANZ-South,794
2024-09-30,SKU310,ANZ-East,838
2024-09-30,SKU310,ANZ-West,780
2024-10-07,SKU100,ANZ-North,2039
2024-10-07,SKU100,ANZ-South,2056
2024-10-07,SKU100,ANZ-East,2062
2024-10-07,SKU100,ANZ-West,2063
2024-10-07,SKU110,ANZ-North,1180
2024-10-07,SKU110,ANZ-South,1350
2024-10-07,SKU110,ANZ-East,1199
2024-10-07,SKU110,ANZ-West,1260
2024-10-07,SKU200,ANZ-North,1031
2024-10-07,SKU200,ANZ-South,1248
2024-10-07,SKU200,ANZ-East,1195
2024-10-07,SKU200,ANZ-West,1016
2024-10-07,SKU210,ANZ-North,1077
2024-10-07,SKU210,ANZ-South,956
2024-10-07,SKU210,ANZ-East,1022
2024-10-07,SKU210,ANZ-West,1076
2024-10-07,SKU300,ANZ-North,768
2024-10-07,SKU300,ANZ-South,905
2024-10-07,SKU300,ANZ-East,844
2024-10-07,SKU300,ANZ-West,891
2024-10-07,SKU310,ANZ-North,862
2024-10-07,SKU310,ANZ-South,737
2024-10-07,SKU310,ANZ-East,787
2024-10-07,SKU310,ANZ-West,799
2024-10-14,SKU100,ANZ-North,1964
2024-10-14,SKU100,ANZ-South,2110
2024-10-14,SKU100,ANZ-East,2143
2024-10-14,SKU100,ANZ-West,2128
2024-10-14,SKU110,ANZ-North,1410
2024-10-14,SKU110,ANZ-South,1464
2024-10-14,SKU110,ANZ-East,1356
2024-10-14,SKU110,ANZ-West,1354
2024-10-14,SKU200,ANZ-North,1422
2024-10-14,SKU200,ANZ-South,1309
2024-10-14,SKU200,ANZ-East,1223
2024-10-14,SKU200,ANZ-West,1229
2024-10-14,SKU210,ANZ-North,1116
2024-10-14,SKU210,ANZ-South,1071
2024-10-14,SKU210,ANZ-East,976
2024-10-14,SKU210,ANZ-West,984
2024-10-14,SKU300,ANZ-North,893
2024-10-14,SKU300,ANZ-South,847
2024-10-14,SKU300,ANZ-East,899
2024-10-14,SKU300,ANZ-West,801
2024-10-14,SKU310,ANZ-North,876
2024-10-14,SKU310,ANZ-South,752
2024-10-14,SKU310,ANZ-East,772
2024-10-14,SKU310,ANZ-West,738
2024-10-21,SKU100,ANZ-North,2048
2024-10-21,SKU100,ANZ-South,1971
2024-10-21,SKU100,ANZ-East,2175
2024-10-21,SKU100,ANZ-West,2139
2024-10-21,SKU110,ANZ-North,1423
2024-10-21,SKU110,ANZ-South,1472
2024-10-21,SKU110,ANZ-East,1461
2024-10-21,SKU110,ANZ-West,1124
2024-10-21,SKU200,ANZ-North,1222
2024-10-21,SKU200,ANZ-South,1175
2024-10-21,SKU200,ANZ-East,1045
2024-10-21,SKU200,ANZ-West,1272
2024-10-21,SKU210,ANZ-North,973
2024-10-21,SKU210,ANZ-South,920
2024-10-21,SKU210,ANZ-East,1058
2024-10-21,SKU210,ANZ-West,930
2024-10-21,SKU300,ANZ-North,778
2024-10-21,SKU300,ANZ-South,716
2024-10-21,SKU300,ANZ-East,859
2024-10-21,SKU300,ANZ-West,860
2024-10-21,SKU310,ANZ-North,861
2024-10-21,SKU310,ANZ-South,686
2024-10-21,SKU310,ANZ-East,746
2024-10-21,SKU310,ANZ-West,889
2024-10-28,SKU100,ANZ-North,1907
2024-10-28,SKU100,ANZ-South,1992
2024-10-28,SKU100,ANZ-East,2198
2024-10-28,SKU100,ANZ-West,2158
2024-10-28,SKU110,ANZ-North,1424
2024-10-28,SKU110,ANZ-South,1399
2024-10-28,SKU110,ANZ-East,1453
2024-10-28,SKU110,ANZ-West,1512
2024-10-28,SKU200,ANZ-North,1300
2024-10-28,SKU200,ANZ-South,1162
2024-10-28,SKU200,ANZ-East,1167
2024-10-28,SKU200,ANZ-West,1216
2024-10-28,SKU210,ANZ-North,1044
2024-10-28,SKU210,ANZ-South,1117
2024-10-28,SKU210,ANZ-East,1079
2024-10-28,SKU210,ANZ-West,1160
2024-10-28,SKU300,ANZ-North,887
2024-10-28,SKU300,ANZ-South,906
2024-10-28,SKU300,ANZ-East,830
2024-10-28,SKU300,ANZ-West,896
2024-10-28,SKU310,ANZ-North,817
2024-10-28,SKU310,ANZ-South,782
2024-10-28,SKU310,ANZ-East,710
2024-10-28,SKU310,ANZ-West,854
2024-11-04,SKU100,ANZ-North,2113
2024-11-04,SKU100,ANZ-South,2085
2024-11-04,SKU100,ANZ-East,2182
2024-11-04,SKU100,ANZ-West,2177
2024-11-04,SKU110,ANZ-North,1286
2024-11-04,SKU110,ANZ-South,1516
2024-11-04,SKU110,ANZ-East,1228
2024-11-04,SKU110,ANZ-West,1412
2024-11-04,SKU200,ANZ-North,1085
2024-11-04,SKU200,ANZ-South,1254
2024-11-04,SKU200,ANZ-East,1291
2024-11-04,SKU200,ANZ-West,1164
2024-11-04,SKU210,ANZ-North,1127
2024-11-04,SKU210,ANZ-South,1001
2024-11-04,SKU210,ANZ-East,1165
2024-11-04,SKU210,ANZ-West,1016
2024-11-04,SKU300,ANZ-North,1142
2024-11-04,SKU300,ANZ-South,810
2024-11-04,SKU300,ANZ-East,817
2024-11-04,SKU300,ANZ-West,982
2024-11-04,SKU310,ANZ-North,791
2024-11-04,SKU310,ANZ-South,812
2024-11-04,SKU310,ANZ-East,730
2024-11-04,SKU310,ANZ-West,803
2024-11-11,SKU100,ANZ-North,2108
2024-11-11,SKU100,ANZ-South,2389
2024-11-11,SKU100,ANZ-East,2148
2024-11-11,SKU100,ANZ-West,2331
2024-11-11,SKU110,ANZ-North,1448
2024-11-11,SKU110,ANZ-South,1272
2024-11-11,SKU110,ANZ-East,1304
2024-11-11,SKU110,ANZ-West,1414
2024-11-11,SKU200,ANZ-North,1147
2024-11-11,SKU200,ANZ-South,1315
2024-11-11,SKU200,ANZ-East,1069
2024-11-11,SKU200,ANZ-West,1359
2024-11-11,SKU210,ANZ-North,1049
2024-11-11,SKU210,ANZ-South,960
2024-11-11,SKU210,ANZ-East,1060
2024-11-11,SKU210,ANZ-West,1152
2024-11-11,SKU300,ANZ-North,925
2024-11-11,SKU300,ANZ-South,909
2024-11-11,SKU300,ANZ-East,888
2024-11-11,SKU300,ANZ-West,983
2024-11-11,SKU310,ANZ-North,715
2024-11-11,SKU310,ANZ-South,756
2024-11-11,SKU310,ANZ-East,829
2024-11-11,SKU310,ANZ-West,723
2024-11-18,SKU100,ANZ-North,2319
2024-11-18,SKU100,ANZ-South,2242
2024-11-18,SKU100,ANZ-East,2086
2024-11-18,SKU100,ANZ-West,2076
2024-11-18,SKU110,ANZ-North,1240
2024-11-18,SKU110,ANZ-South,1280
2024-11-18,SKU110,ANZ-East,1365
2024-11-18,SKU110,ANZ-West,1359
2024-11-18,SKU200,ANZ-North,1200
2024-11-18,SKU200,ANZ-South,1060
2024-11-18,SKU200,ANZ-East,1089
2024-11-18,SKU200,ANZ-West,1293
2024-11-18,SKU210,ANZ-North,1188
2024-11-18,SKU210,ANZ-South,1050
2024-11-18,SKU210,ANZ-East,1037
2024-11-18,SKU210,ANZ-West,1094
2024-11-18,SKU300,ANZ-North,916
2024-11-18,SKU300,ANZ-South,904
2024-11-18,SKU300,ANZ-East,839
2024-11-18,SKU300,ANZ-West,823
2024-11-18,SKU310,ANZ-North,789
2024-11-18,SKU310,ANZ-South,697
2024-11-18,SKU310,ANZ-East,747
2024-11-18,SKU310,ANZ-West,809
2024-11-25,SKU100,ANZ-North,1810
2024-11-25,SKU100,ANZ-South,2307
2024-11-25,SKU100,ANZ-East,2209
2024-11-25,SKU100,ANZ-West,2191
2024-11-25,SKU110,ANZ-North,1477
2024-11-25,SKU110,ANZ-South,1258
2024-11-25,SKU110,ANZ-East,1458
2024-11-25,SKU110,ANZ-West,1314
2024-11-25,SKU200,ANZ-North,1196
2024-11-25,SKU200,ANZ-South,1284
2024-11-25,SKU200,ANZ-East,1325
2024-11-25,SKU200,ANZ-West,1027
2024-11-25,SKU210,ANZ-North,996
2024-11-25,SKU210,ANZ-South,928
2024-11-25,SKU210,ANZ-East,1089
2024-11-25,SKU210,ANZ-West,998
2024-11-25,SKU300,ANZ-North,911
2024-11-25,SKU300,ANZ-South,873
2024-11-25,SKU300,ANZ-East,853
2024-11-25,SKU300,ANZ-West,1008
2024-11-25,SKU310,ANZ-North,870
2024-11-25,SKU310,ANZ-South,799
2024-11-25,SKU310,ANZ-East,715
2024-11-25,SKU310,ANZ-West,802
2024-12-02,SKU100,ANZ-North,2687
2024-12-02,SKU100,ANZ-South,2656
2024-12-02,SKU100,ANZ-East,2862
2024-12-02,SKU100,ANZ-West,2798
2024-12-02,SKU110,ANZ-North,1717
2024-12-02,SKU110,ANZ-South,1878
2024-12-02,SKU110,ANZ-East,1877
2024-12-02,SKU110,ANZ-West,1578
2024-12-02,SKU200,ANZ-North,1168
2024-12-02,SKU200,ANZ-South,1174
2024-12-02,SKU200,ANZ-East,1232
2024-12-02,SKU200,ANZ-West,1367
2024-12-02,SKU210,ANZ-North,1310
2024-12-02,SKU210,ANZ-South,1043
2024-12-02,SKU210,ANZ-East,1126
2024-12-02,SKU210,ANZ-West,1175
2024-12-02,SKU300,ANZ-North,692
2024-12-02,SKU300,ANZ-South,853
2024-12-02,SKU300,ANZ-East,969
2024-12-02,SKU300,ANZ-West,817
2024-12-02,SKU310,ANZ-North,753
2024-12-02,SKU310,ANZ-South,767
2024-12-02,SKU310,ANZ-East,873
2024-12-02,SKU310,ANZ-West,784
2024-12-09,SKU100,ANZ-North,2488
2024-12-09,SKU100,ANZ-South,2509
2024-12-09,SKU100,ANZ-East,2784
2024-12-09,SKU100,ANZ-West,2749
2024-12-09,SKU110,ANZ-North,1770
2024-12-09,SKU110,ANZ-South,1806
2024-12-09,SKU110,ANZ-East,1818
2024-12-09,SKU110,ANZ-West,1687
2024-12-09,SKU200,ANZ-North,1373
2024-12-09,SKU200,ANZ-South,1314
2024-12-09,SKU200,ANZ-East,1427
2024-12-09,SKU200,ANZ-West,1300
2024-12-09,SKU210,ANZ-North,1146
2024-12-09,SKU210,ANZ-South,1103
2024-12-09,SKU210,ANZ-East,1219
2024-12-09,SKU210,ANZ-West,1163
2024-12-09,SKU300,ANZ-North,959
2024-12-09,SKU300,ANZ-South,804
2024-12-09,SKU300,ANZ-East,860
2024-12-09,SKU300,ANZ-West,815
2024-12-09,SKU310,ANZ-North,842
2024-12-09,SKU310,ANZ-South,829
2024-12-09,SKU310,ANZ-East,854
2024-12-09,SKU310,ANZ-West,766
2024-12-16,SKU100,ANZ-North,2811
2024-12-16,SKU100,ANZ-South,2655
2024-12-16,SKU100,ANZ-East,2560
2024-12-16,SKU100,ANZ-West,2825
2024-12-16,SKU110,ANZ-North,1761
2024-12-16,SKU110,ANZ-South,1470
2024-12-16,SKU110,ANZ-East,1670
2024-12-16,SKU110,ANZ-West,1795
2024-12-16,SKU200,ANZ-North,1300
2024-12-16,SKU200,ANZ-South,1276
2024-12-16,SKU200,ANZ-East,1439
2024-12-16,SKU200,ANZ-West,1196
2024-12-16,SKU210,ANZ-North,1047
2024-12-16,SKU210,ANZ-South,1146
2024-12-16,SKU210,ANZ-East,1213
2024-12-16,SKU210,ANZ-West,1204
2024-12-16,SKU300,ANZ-North,798
2024-12-16,SKU300,ANZ-South,909
2024-12-16,SKU300,ANZ-East,810
2024-12-16,SKU300,ANZ-West,799
2024-12-16,SKU310,ANZ-North,882
2024-12-16,SKU310,ANZ-South,755
2024-12-16,SKU310,ANZ-East,635
2024-12-16,SKU310,ANZ-West,815
2024-12-23,SKU100,ANZ-North,2400
2024-12-23,SKU100,ANZ-South,2525
2024-12-23,SKU100,ANZ-East,2770
2024-12-23,SKU100,ANZ-West,2580
2024-12-23,SKU110,ANZ-North,1754
2024-12-23,SKU110,ANZ-South,1909
2024-12-23,SKU110,ANZ-East,1846
2024-12-23,SKU110,ANZ-West,1573
2024-12-23,SKU200,ANZ-North,1553
2024-12-23,SKU200,ANZ-South,1235
2024-12-23,SKU200,ANZ-East,1335
2024-12-23,SKU200,ANZ-West,1339
2024-12-23,SKU210,ANZ-North,1255
2024-12-23,SKU210,ANZ-South,1140
2024-12-23,SKU210,ANZ-East,1312
2024-12-23,SKU210,ANZ-West,1140
2024-12-23,SKU300,ANZ-North,861
2024-12-23,SKU300,ANZ-South,882
2024-12-23,SKU300,ANZ-East,870
2024-12-23,SKU300,ANZ-West,851
2024-12-23,SKU310,ANZ-North,809
2024-12-23,SKU310,ANZ-South,838
2024-12-23,SKU310,ANZ-East,828
2024-12-23,SKU310,ANZ-West,807
2024-12-30,SKU100,ANZ-North,2888
2024-12-30,SKU100,ANZ-South,2550
2024-12-30,SKU100,ANZ-East,2438
2024-12-30,SKU100,ANZ-West,2848
2024-12-30,SKU110,ANZ-North,1764
2024-12-30,SKU110,ANZ-South,1735
2024-12-30,SKU110,ANZ-East,1990
2024-12-30,SKU110,ANZ-West,1968
2024-12-30,SKU200,ANZ-North,1408
2024-12-30,SKU200,ANZ-South,1391
2024-12-30,SKU200,ANZ-East,1381
2024-12-30,SKU200,ANZ-West,1434
2024-12-30,SKU210,ANZ-North,1104
2024-12-30,SKU210,ANZ-South,1039
2024-12-30,SKU210,ANZ-East,1203
2024-12-30,SKU210,ANZ-West,1130
2024-12-30,SKU300,ANZ-North,836
2024-12-30,SKU300,ANZ-South,880
2024-12-30,SKU300,ANZ-East,830
2024-12-30,SKU300,ANZ-West,867
2024-12-30,SKU310,ANZ-North,786
2024-12-30,SKU310,ANZ-South,777
2024-12-30,SKU310,ANZ-East,659
2024-12-30,SKU310,ANZ-West,843
2025-01-06,SKU100,ANZ-North,2620
2025-01-06,SKU100,ANZ-South,2666
2025-01-06,SKU100,ANZ-East,2590
2025-01-06,SKU100,ANZ-West,2635
2025-01-06,SKU110,ANZ-North,1748
2025-01-06,SKU110,ANZ-South,1953
2025-01-06,SKU110,ANZ-East,1730
2025-01-06,SKU110,ANZ-West,1915
2025-01-06,SKU200,ANZ-North,1205
2025-01-06,SKU200,ANZ-South,1195
2025-01-06,SKU200,ANZ-East,1249
2025-01-06,SKU200,ANZ-West,1364
2025-01-06,SKU210,ANZ-North,1107
2025-01-06,SKU210,ANZ-South,994
2025-01-06,SKU210,ANZ-East,1061
2025-01-06,SKU210,ANZ-West,1095
2025-01-06,SKU300,ANZ-North,825
2025-01-06,SKU300,ANZ-South,860
2025-01-06,SKU300,ANZ-East,811
2025-01-06,SKU300,ANZ-West,701
2025-01-06,SKU310,ANZ-North,793
2025-01-06,SKU310,ANZ-South,604
2025-01-06,SKU310,ANZ-East,673
2025-01-06,SKU310,ANZ-West,720
2025-01-13,SKU100,ANZ-North,2699
2025-01-13,SKU100,ANZ-South,2512
2025-01-13,SKU100,ANZ-East,2540
2025-01-13,SKU100,ANZ-West,2652
2025-01-13,SKU110,ANZ-North,1909
2025-01-13,SKU110,ANZ-South,1905
2025-01-13,SKU110,ANZ-East,1999
2025-01-13,SKU110,ANZ-West,1934
2025-01-13,SKU200,ANZ-North,1364
2025-01-13,SKU200,ANZ-South,1130
2025-01-13,SKU200,ANZ-East,1131
2025-01-13,SKU200,ANZ-West,1290
2025-01-13,SKU210,ANZ-North,1080
2025-01-13,SKU210,ANZ-South,1044
2025-01-13,SKU210,ANZ-East,950
2025-01-13,SKU210,ANZ-West,1115
2025-01-13,SKU300,ANZ-North,699
2025-01-13,SKU300,ANZ-South,834
2025-01-13,SKU300,ANZ-East,868
2025-01-13,SKU300,ANZ-West,798
2025-01-13,SKU310,ANZ-North,743
2025-01-13,SKU310,ANZ-South,727
2025-01-13,SKU310,ANZ-East,623
2025-01-13,SKU310,ANZ-West,741
2025-01-20,SKU100,ANZ-North,2577
2025-01-20,SKU100,ANZ-South,2382
2025-01-20,SKU100,ANZ-East,2805
2025-01-20,SKU100,ANZ-West,2776
2025-01-20,SKU110,ANZ-North,1815
2025-01-20,SKU110,ANZ-South,1817
2025-01-20,SKU110,ANZ-East,2030
2025-01-20,SKU110,ANZ-West,1779
2025-01-20,SKU200,ANZ-North,1210
2025-01-20,SKU200,ANZ-South,1127
2025-01-20,SKU200,ANZ-East,1346
2025-01-20,SKU200,ANZ-West,1223
2025-01-20,SKU210,ANZ-North,1102
2025-01-20,SKU210,ANZ-South,886
2025-01-20,SKU210,ANZ-East,1153
2025-01-20,SKU210,ANZ-West,981
2025-01-20,SKU300,ANZ-North,767
2025-01-20,SKU300,ANZ-South,695
2025-01-20,SKU300,ANZ-East,810
2025-01-20,SKU300,ANZ-West,869
2025-01-20,SKU310,ANZ-North,769
2025-01-20,SKU310,ANZ-South,736
2025-01-20,SKU310,ANZ-East,778
2025-01-20,SKU310,ANZ-West,703
2025-01-27,SKU100,ANZ-North,2482
2025-01-27,SKU100,ANZ-South,2636
2025-01-27,SKU100,ANZ-East,2358
2025-01-27,SKU100,ANZ-West,2439
2025-01-27,SKU110,ANZ-North,1771
2025-01-27,SKU110,ANZ-South,2000
2025-01-27,SKU110,ANZ-East,1907
2025-01-27,SKU110,ANZ-West,1900
2025-01-27,SKU200,ANZ-North,1331
2025-01-27,SKU200,ANZ-South,1165
2025-01-27,SKU200,ANZ-East,1298
2025-01-27,SKU200,ANZ-West,1101
2025-01-27,SKU210,ANZ-North,1052
2025-01-27,SKU210,ANZ-South,1023
2025-01-27,SKU210,ANZ-East,1051
2025-01-27,SKU210,ANZ-West,1024
2025-01-27,SKU300,ANZ-North,742
2025-01-27,SKU300,ANZ-South,805
2025-01-27,SKU300,ANZ-East,730
2025-01-27,SKU300,ANZ-West,958
2025-01-27,SKU310,ANZ-North,682
2025-01-27,SKU310,ANZ-South,751
2025-01-27,SKU310,ANZ-East,704
2025-01-27,SKU310,ANZ-West,705
2025-02-03,SKU100,ANZ-North,2821
2025-02-03,SKU100,ANZ-South,2423
2025-02-03,SKU100,ANZ-East,2864
2025-02-03,SKU100,ANZ-West,2732
2025-02-03,SKU110,ANZ-North,1607
2025-02-03,SKU110,ANZ-South,2036
2025-02-03,SKU110,ANZ-East,1899
2025-02-03,SKU110,ANZ-West,1765
2025-02-03,SKU200,ANZ-North,1119
2025-02-03,SKU200,ANZ-South,1307
2025-02-03,SKU200,ANZ-East,1329
2025-02-03,SKU200,ANZ-West,1059
2025-02-03,SKU210,ANZ-North,1018
2025-02-03,SKU210,ANZ-South,955
2025-02-03,SKU210,ANZ-East,1087
2025-02-03,SKU210,ANZ-West,1105
2025-02-03,SKU300,ANZ-North,732
2025-02-03,SKU300,ANZ-South,833
2025-02-03,SKU300,ANZ-East,729
2025-02-03,SKU300,ANZ-West,858
2025-02-03,SKU310,ANZ-North,646
2025-02-03,SKU310,ANZ-South,738
2025-02-03,SKU310,ANZ-East,640
2025-02-03,SKU310,ANZ-West,812
2025-02-10,SKU100,ANZ-North,2483
2025-02-10,SKU100,ANZ-South,2633
2025-02-10,SKU100,ANZ-East,2788
2025-02-10,SKU100,ANZ-West,2596
2025-02-10,SKU110,ANZ-North,1759
2025-02-10,SKU110,ANZ-South,1810
2025-02-10,SKU110,ANZ-East,1796
2025-02-10,SKU110,ANZ-West,1768
2025-02-10,SKU200,ANZ-North,1271
2025-02-10,SKU200,ANZ-South,1226
2025-02-10,SKU200,ANZ-East,1372
2025-02-10,SKU200,ANZ-West,1220
2025-02-10,SKU210,ANZ-North,1040
2025-02-10,SKU210,ANZ-South,1008
2025-02-10,SKU210,ANZ-East,1042
2025-02-10,SKU210,ANZ-West,1082
2025-02-10,SKU300,ANZ-North,738
2025-02-10,SKU300,ANZ-South,843
2025-02-10,SKU300,ANZ-East,711
2025-02-10,SKU300,ANZ-West,768
2025-02-10,SKU310,ANZ-North,673
2025-02-10,SKU310,ANZ-South,703
2025-02-10,SKU310,ANZ-East,678
2025-02-10,SKU310,ANZ-West,705
2025-02-17,SKU100,ANZ-North,2641
2025-02-17,SKU100,ANZ-South,2135
2025-02-17,SKU100,ANZ-East,2477
2025-02-17,SKU100,ANZ-West,2597
2025-02-17,SKU110,ANZ-North,1946
2025-02-17,SKU110,ANZ-South,1874
2025-02-17,SKU110,ANZ-East,1755
2025-02-17,SKU110,ANZ-West,1879
2025-02-17,SKU200,ANZ-North,1095
2025-02-17,SKU200,ANZ-South,1327
2025-02-17,SKU200,ANZ-East,1341
2025-02-17,SKU200,ANZ-West,1057
2025-02-17,SKU210,ANZ-North,964
2025-02-17,SKU210,ANZ-South,1032
2025-02-17,SKU210,ANZ-East,1037
2025-02-17,SKU210,ANZ-West,1335
2025-02-17,SKU300,ANZ-North,753
2025-02-17,SKU300,ANZ-South,935
2025-02-17,SKU300,ANZ-East,850
2025-02-17,SKU300,ANZ-West,753
2025-02-17,SKU310,ANZ-North,802
2025-02-17,SKU310,ANZ-South,706
2025-02-17,SKU310,ANZ-East,673
2025-02-17,SKU310,ANZ-West,700
2025-02-24,SKU100,ANZ-North,2916
2025-02-24,SKU100,ANZ-South,2813
2025-02-24,SKU100,ANZ-East,2440
2025-02-24,SKU100,ANZ-West,2424
2025-02-24,SKU110,ANZ-North,1754
2025-02-24,SKU110,ANZ-South,1822
2025-02-24,SKU110,ANZ-East,2008
2025-02-24,SKU110,ANZ-West,1875
2025-02-24,SKU200,ANZ-North,1290
2025-02-24,SKU200,ANZ-South,1197
2025-02-24,SKU200,ANZ-East,1290
2025-02-24,SKU200,ANZ-West,1231
2025-02-24,SKU210,ANZ-North,1042
2025-02-24,SKU210,ANZ-South,1076
2025-02-24,SKU210,ANZ-East,999
2025-02-24,SKU210,ANZ-West,1081
2025-02-24,SKU300,ANZ-North,827
2025-02-24,SKU300,ANZ-South,792
2025-02-24,SKU300,ANZ-East,785
2025-02-24,SKU300,ANZ-West,824
2025-02-24,SKU310,ANZ-North,671
2025-02-24,SKU310,ANZ-South,680
2025-02-24,SKU310,ANZ-East,733
2025-02-24,SKU310,ANZ-West,613
2025-03-03,SKU100,ANZ-North,2297
2025-03-03,SKU100,ANZ-South,2159
2025-03-03,SKU100,ANZ-East,2201
2025-03-03,SKU100,ANZ-West,2119
2025-03-03,SKU110,ANZ-North,1289
2025-03-03,SKU110,ANZ-South,1501
2025-03-03,SKU110,ANZ-East,1464
2025-03-03,SKU110,ANZ-West,1421
2025-03-03,SKU200,ANZ-North,1205
2025-03-03,SKU200,ANZ-South,1222
2025-03-03,SKU200,ANZ-East,1147
2025-03-03,SKU200,ANZ-West,1095
2025-03-03,SKU210,ANZ-North,1070
2025-03-03,SKU210,ANZ-South,1118
2025-03-03,SKU210,ANZ-East,1146
2025-03-03,SKU210,ANZ-West,1001
2025-03-03,SKU300,ANZ-North,793
2025-03-03,SKU300,ANZ-South,981
2025-03-03,SKU300,ANZ-East,919
2025-03-03,SKU300,ANZ-West,886
2025-03-03,SKU310,ANZ-North,676
2025-03-03,SKU310,ANZ-South,883
2025-03-03,SKU310,ANZ-East,761
2025-03-03,SKU310,ANZ-West,602
2025-03-10,SKU100,ANZ-North,1967
2025-03-10,SKU100,ANZ-South,2205
2025-03-10,SKU100,ANZ-East,2047
2025-03-10,SKU100,ANZ-West,2143
2025-03-10,SKU110,ANZ-North,1613
2025-03-10,SKU110,ANZ-South,1340
2025-03-10,SKU110,ANZ-East,1449
2025-03-10,SKU110,ANZ-West,1395
2025-03-10,SKU200,ANZ-North,1323
2025-03-10,SKU200,ANZ-South,1235
2025-03-10,SKU200,ANZ-East,1316
2025-03-10,SKU200,ANZ-West,1099
2025-03-10,SKU210,ANZ-North,1070
2025-03-10,SKU210,ANZ-South,1013
2025-03-10,SKU210,ANZ-East,941
2025-03-10,SKU210,ANZ-West,954
2025-03-10,SKU300,ANZ-North,939
2025-03-10,SKU300,ANZ-South,972
2025-03-10,SKU300,ANZ-East,918
2025-03-10,SKU300,ANZ-West,921
2025-03-10,SKU310,ANZ-North,731
2025-03-10,SKU310,ANZ-South,826
2025-03-10,SKU310,ANZ-East,689
2025-03-10,SKU310,ANZ-West,665
2025-03-17,SKU100,ANZ-North,1952
2025-03-17,SKU100,ANZ-South,2083
2025-03-17,SKU100,ANZ-East,1664
2025-03-17,SKU100,ANZ-West,1864
2025-03-17,SKU110,ANZ-North,1522
2025-03-17,SKU110,ANZ-South,1362
2025-03-17,SKU110,ANZ-East,1395
2025-03-17,SKU110,ANZ-West,1515
2025-03-17,SKU200,ANZ-North,1240
2025-03-17,SKU200,ANZ-South,1209
2025-03-17,SKU200,ANZ-East,1313
2025-03-17,SKU200,ANZ-West,1201
2025-03-17,SKU210,ANZ-North,998
2025-03-17,SKU210,ANZ-South,1128
2025-03-17,SKU210,ANZ-East,937
2025-03-17,SKU210,ANZ-West,906
2025-03-17,SKU300,ANZ-North,913
2025-03-17,SKU300,ANZ-South,927
2025-03-17,SKU300,ANZ-East,897
2025-03-17,SKU300,ANZ-West,885
2025-03-17,SKU310,ANZ-North,866
2025-03-17,SKU310,ANZ-South,815
2025-03-17,SKU310,ANZ-East,785
2025-03-17,SKU310,ANZ-West,867
2025-03-24,SKU100,ANZ-North,1966
2025-03-24,SKU100,ANZ-South,2191
2025-03-24,SKU100,ANZ-East,2211
2025-03-24,SKU100,ANZ-West,2158
2025-03-24,SKU110,ANZ-North,1484
2025-03-24,SKU110,ANZ-South,1474
2025-03-24,SKU110,ANZ-East,1599
2025-03-24,SKU110,ANZ-West,1558
2025-03-24,SKU200,ANZ-North,1319
2025-03-24,SKU200,ANZ-South,1205
2025-03-24,SKU200,ANZ-East,1125
2025-03-24,SKU200,ANZ-West,1126
2025-03-24,SKU210,ANZ-North,1046
2025-03-24,SKU210,ANZ-South,1033
2025-03-24,SKU210,ANZ-East,1082
2025-03-24,SKU210,ANZ-West,1031
2025-03-24,SKU300,ANZ-North,844
2025-03-24,SKU300,ANZ-South,766
2025-03-24,SKU300,ANZ-East,1031
2025-03-24,SKU300,ANZ-West,1020
2025-03-24,SKU310,ANZ-North,766
2025-03-24,SKU310,ANZ-South,811
2025-03-24,SKU310,ANZ-East,868
2025-03-24,SKU310,ANZ-West,902
2025-03-31,SKU100,ANZ-North,2172
2025-03-31,SKU100,ANZ-South,2195
2025-03-31,SKU100,ANZ-East,1990
2025-03-31,SKU100,ANZ-West,2344
2025-03-31,SKU110,ANZ-North,1349
2025-03-31,SKU110,ANZ-South,1383
2025-03-31,SKU110,ANZ-East,1464
2025-03-31,SKU110,ANZ-West,1355
2025-03-31,SKU200,ANZ-North,1199
2025-03-31,SKU200,ANZ-South,1329
2025-03-31,SKU200,ANZ-East,1287
2025-03-31,SKU200,ANZ-West,1415
2025-03-31,SKU210,ANZ-North,997
2025-03-31,SKU210,ANZ-South,1017
2025-03-31,SKU210,ANZ-East,1085
2025-03-31,SKU210,ANZ-West,1017
2025-03-31,SKU300,ANZ-North,860
2025-03-31,SKU300,ANZ-South,863
2025-03-31,SKU300,ANZ-East,831
2025-03-31,SKU300,ANZ-West,861
2025-03-31,SKU310,ANZ-North,731
2025-03-31,SKU310,ANZ-South,809
2025-03-31,SKU310,ANZ-East,799
2025-03-31,SKU310,ANZ-West,907
2025-04-07,SKU100,ANZ-North,2191
2025-04-07,SKU100,ANZ-South,2320
2025-04-07,SKU100,ANZ-East,1827
2025-04-07,SKU100,ANZ-West,1780
2025-04-07,SKU110,ANZ-North,1415
2025-04-07,SKU110,ANZ-South,1631
2025-04-07,SKU110,ANZ-East,1302
2025-04-07,SKU110,ANZ-West,1430
2025-04-07,SKU200,ANZ-North,1328
2025-04-07,SKU200,ANZ-South,1266
2025-04-07,SKU200,ANZ-East,1272
2025-04-07,SKU200,ANZ-West,1350
2025-04-07,SKU210,ANZ-North,1057
2025-04-07,SKU210,ANZ-South,1138
2025-04-07,SKU210,ANZ-East,1104
2025-04-07,SKU210,ANZ-West,1113
2025-04-07,SKU300,ANZ-North,767
2025-04-07,SKU300,ANZ-South,812
2025-04-07,SKU300,ANZ-East,855
2025-04-07,SKU300,ANZ-West,854
2025-04-07,SKU310,ANZ-North,838
2025-04-07,SKU310,ANZ-South,768
2025-04-07,SKU310,ANZ-East,697
2025-04-07,SKU310,ANZ-West,757
2025-04-14,SKU100,ANZ-North,2296
2025-04-14,SKU100,ANZ-South,1947
2025-04-14,SKU100,ANZ-East,1906
2025-04-14,SKU100,ANZ-West,2223
2025-04-14,SKU110,ANZ-North,1503
2025-04-14,SKU110,ANZ-South,1407
2025-04-14,SKU110,ANZ-East,1297
2025-04-14,SKU110,ANZ-West,1368
2025-04-14,SKU200,ANZ-North,1245
2025-04-14,SKU200,ANZ-South,1328
2025-04-14,SKU200,ANZ-East,1292
2025-04-14,SKU200,ANZ-West,1190
2025-04-14,SKU210,ANZ-North,1047
2025-04-14,SKU210,ANZ-South,1076
2025-04-14,SKU210,ANZ-East,919
2025-04-14,SKU210,ANZ-West,957
2025-04-14,SKU300,ANZ-North,791
2025-04-14,SKU300,ANZ-South,941
2025-04-14,SKU300,ANZ-East,894
2025-04-14,SKU300,ANZ-West,916
2025-04-14,SKU310,ANZ-North,751
2025-04-14,SKU310,ANZ-South,784
2025-04-14,SKU310,ANZ-East,727
2025-04-14,SKU310,ANZ-West,762
2025-04-21,SKU100,ANZ-North,2155
2025-04-21,SKU100,ANZ-South,1972
2025-04-21,SKU100,ANZ-East,2003
2025-04-21,SKU100,ANZ-West,2049
2025-04-21,SKU110,ANZ-North,1477
2025-04-21,SKU110,ANZ-South,1272
2025-04-21,SKU110,ANZ-East,1351
2025-04-21,SKU110,ANZ-West,1460
2025-04-21,SKU200,ANZ-North,1181
2025-04-21,SKU200,ANZ-South,1353
2025-04-21,SKU200,ANZ-East,1240
2025-04-21,SKU200,ANZ-West,1239
2025-04-21,SKU210,ANZ-North,1091
2025-04-21,SKU210,ANZ-South,1078
2025-04-21,SKU210,ANZ-East,1016
2025-04-21,SKU210,ANZ-West,978
2025-04-21,SKU300,ANZ-North,883
2025-04-21,SKU300,ANZ-South,848
2025-04-21,SKU300,ANZ-East,810
2025-04-21,SKU300,ANZ-West,810
2025-04-21,SKU310,ANZ-North,733
2025-04-21,SKU310,ANZ-South,788
2025-04-21,SKU310,ANZ-East,797
2025-04-21,SKU310,ANZ-West,753
2025-04-28,SKU100,ANZ-North,2232
2025-04-28,SKU100,ANZ-South,2092
2025-04-28,SKU100,ANZ-East,2073
2025-04-28,SKU100,ANZ-West,1880
2025-04-28,SKU110,ANZ-North,1232
2025-04-28,SKU110,ANZ-South,1345
2025-04-28,SKU110,ANZ-East,1617
2025-04-28,SKU110,ANZ-West,1548
2025-04-28,SKU200,ANZ-North,1228
2025-04-28,SKU200,ANZ-South,1249
2025-04-28,SKU200,ANZ-East,1197
2025-04-28,SKU200,ANZ-West,1315
2025-04-28,SKU210,ANZ-North,988
2025-04-28,SKU210,ANZ-South,1040
2025-04-28,SKU210,ANZ-East,916
2025-04-28,SKU210,ANZ-West,1007
2025-04-28,SKU300,ANZ-North,840
2025-04-28,SKU300,ANZ-South,906
2025-04-28,SKU300,ANZ-East,799
2025-04-28,SKU300,ANZ-West,963
2025-04-28,SKU310,ANZ-North,800
2025-04-28,SKU310,ANZ-South,752
2025-04-28,SKU310,ANZ-East,771
2025-04-28,SKU310,ANZ-West,814
2025-05-05,SKU100,ANZ-North,2057
2025-05-05,SKU100,ANZ-South,2260
2025-05-05,SKU100,ANZ-East,1954
2025-05-05,SKU100,ANZ-West,2055
2025-05-05,SKU110,ANZ-North,1334
2025-05-05,SKU110,ANZ-South,1413
2025-05-05,SKU110,ANZ-East,1571
2025-05-05,SKU110,ANZ-West,1607
2025-05-05,SKU200,ANZ-North,1195
2025-05-05,SKU200,ANZ-South,1271
2025-05-05,SKU200,ANZ-East,1135
2025-05-05,SKU200,ANZ-West,1162
2025-05-05,SKU210,ANZ-North,1039
2025-05-05,SKU210,ANZ-South,1040
2025-05-05,SKU210,ANZ-East,1120
2025-05-05,SKU210,ANZ-West,959
2025-05-05,SKU300,ANZ-North,874
2025-05-05,SKU300,ANZ-South,887
2025-05-05,SKU300,ANZ-East,900
2025-05-05,SKU300,ANZ-West,830
2025-05-05,SKU310,ANZ-North,759
2025-05-05,SKU310,ANZ-South,809
2025-05-05,SKU310,ANZ-East,683
2025-05-05,SKU310,ANZ-West,741
2025-05-12,SKU100,ANZ-North,2028
2025-05-12,SKU100,ANZ-South,2123
2025-05-12,SKU100,ANZ-East,2120
2025-05-12,SKU100,ANZ-West,1909
2025-05-12,SKU110,ANZ-North,1422
2025-05-12,SKU110,ANZ-South,1430
2025-05-12,SKU110,ANZ-East,1250
2025-05-12,SKU110,ANZ-West,1356
2025-05-12,SKU200,ANZ-North,1158
2025-05-12,SKU200,ANZ-South,1264
2025-05-12,SKU200,ANZ-East,1129
2025-05-12,SKU200,ANZ-West,1327
2025-05-12,SKU210,ANZ-North,1065
2025-05-12,SKU210,ANZ-South,1064
2025-05-12,SKU210,ANZ-East,1047
2025-05-12,SKU210,ANZ-West,1048
2025-05-12,SKU300,ANZ-North,1045
2025-05-12,SKU300,ANZ-South,911
2025-05-12,SKU300,ANZ-East,949
2025-05-12,SKU300,ANZ-West,932
2025-05-12,SKU310,ANZ-North,793
2025-05-12,SKU310,ANZ-South,781
2025-05-12,SKU310,ANZ-East,738
2025-05-12,SKU310,ANZ-West,765
2025-05-19,SKU100,ANZ-North,2236
2025-05-19,SKU100,ANZ-South,2728
2025-05-19,SKU100,ANZ-East,1783
2025-05-19,SKU100,ANZ-West,2128
2025-05-19,SKU110,ANZ-North,1366
2025-05-19,SKU110,ANZ-South,1372
2025-05-19,SKU110,ANZ-East,1512
2025-05-19,SKU110,ANZ-West,1390
2025-05-19,SKU200,ANZ-North,1261
2025-05-19,SKU200,ANZ-South,1172
2025-05-19,SKU200,ANZ-East,1163
2025-05-19,SKU200,ANZ-West,1268
2025-05-19,SKU210,ANZ-North,1134
2025-05-19,SKU210,ANZ-South,1065
2025-05-19,SKU210,ANZ-East,1034
2025-05-19,SKU210,ANZ-West,1021
2025-05-19,SKU300,ANZ-North,910
2025-05-19,SKU300,ANZ-South,989
2025-05-19,SKU300,ANZ-East,966
2025-05-19,SKU300,ANZ-West,949
2025-05-19,SKU310,ANZ-North,705
2025-05-19,SKU310,ANZ-South,800
2025-05-19,SKU310,ANZ-East,782
2025-05-19,SKU310,ANZ-West,803
2025-05-26,SKU100,ANZ-North,2074
2025-05-26,SKU100,ANZ-South,2184
2025-05-26,SKU100,ANZ-East,2060
2025-05-26,SKU100,ANZ-West,2090
2025-05-26,SKU110,ANZ-North,1362
2025-05-26,SKU110,ANZ-South,1391
2025-05-26,SKU110,ANZ-East,1493
2025-05-26,SKU110,ANZ-West,1396
2025-05-26,SKU200,ANZ-North,1178
2025-05-26,SKU200,ANZ-South,1343
2025-05-26,SKU200,ANZ-East,1260
2025-05-26,SKU200,ANZ-West,1306
2025-05-26,SKU210,ANZ-North,953
2025-05-26,SKU210,ANZ-South,1002
2025-05-26,SKU210,ANZ-East,1108
2025-05-26,SKU210,ANZ-West,922
2025-05-26,SKU300,ANZ-North,896
2025-05-26,SKU300,ANZ-South,862
2025-05-26,SKU300,ANZ-East,900
2025-05-26,SKU300,ANZ-West,925
2025-05-26,SKU310,ANZ-North,747
2025-05-26,SKU310,ANZ-South,779
2025-05-26,SKU310,ANZ-East,817
2025-05-26,SKU310,ANZ-West,855
2025-06-02,SKU100,ANZ-North,1514
2025-06-02,SKU100,ANZ-South,1621
2025-06-02,SKU100,ANZ-East,1847
2025-06-02,SKU100,ANZ-West,1806
2025-06-02,SKU110,ANZ-North,1080
2025-06-02,SKU110,ANZ-South,1201
2025-06-02,SKU110,ANZ-East,1053
2025-06-02,SKU110,ANZ-West,1062
2025-06-02,SKU200,ANZ-North,1162
2025-06-02,SKU200,ANZ-South,1285
2025-06-02,SKU200,ANZ-East,1143
2025-06-02,SKU200,ANZ-West,1311
2025-06-02,SKU210,ANZ-North,1179
2025-06-02,SKU210,ANZ-South,1040
2025-06-02,SKU210,ANZ-East,969
2025-06-02,SKU210,ANZ-West,1051
2025-06-02,SKU300,ANZ-North,881
2025-06-02,SKU300,ANZ-South,887
2025-06-02,SKU300,ANZ-East,926
2025-06-02,SKU300,ANZ-West,824
2025-06-02,SKU310,ANZ-North,811
2025-06-02,SKU310,ANZ-South,833
2025-06-02,SKU310,ANZ-East,888
2025-06-02,SKU310,ANZ-West,883
2025-06-09,SKU100,ANZ-North,1490
2025-06-09,SKU100,ANZ-South,1544
2025-06-09,SKU100,ANZ-East,1949
2025-06-09,SKU100,ANZ-West,1843
2025-06-09,SKU110,ANZ-North,1311
2025-06-09,SKU110,ANZ-South,1060
2025-06-09,SKU110,ANZ-East,1073
2025-06-09,SKU110,ANZ-West,1140
2025-06-09,SKU200,ANZ-North,1076
2025-06-09,SKU200,ANZ-South,1110
2025-06-09,SKU200,ANZ-East,1053
2025-06-09,SKU200,ANZ-West,1166
2025-06-09,SKU210,ANZ-North,984
2025-06-09,SKU210,ANZ-South,1080
2025-06-09,SKU210,ANZ-East,1104
2025-06-09,SKU210,ANZ-West,1073
2025-06-09,SKU300,ANZ-North,887
2025-06-09,SKU300,ANZ-South,767
2025-06-09,SKU300,ANZ-East,754
2025-06-09,SKU300,ANZ-West,881
2025-06-09,SKU310,ANZ-North,841
2025-06-09,SKU310,ANZ-South,868
2025-06-09,SKU310,ANZ-East,743
2025-06-09,SKU310,ANZ-West,779
2025-06-16,SKU100,ANZ-North,1714
2025-06-16,SKU100,ANZ-South,1559
2025-06-16,SKU100,ANZ-East,1714
2025-06-16,SKU100,ANZ-West,1914
2025-06-16,SKU110,ANZ-North,1041
2025-06-16,SKU110,ANZ-South,997
2025-06-16,SKU110,ANZ-East,1115
2025-06-16,SKU110,ANZ-West,1380
2025-06-16,SKU200,ANZ-North,1311
2025-06-16,SKU200,ANZ-South,1217
2025-06-16,SKU200,ANZ-East,1228
2025-06-16,SKU200,ANZ-West,1274
2025-06-16,SKU210,ANZ-North,1262
2025-06-16,SKU210,ANZ-South,1069
2025-06-16,SKU210,ANZ-East,1162
2025-06-16,SKU210,ANZ-West,1098
2025-06-16,SKU300,ANZ-North,859
2025-06-16,SKU300,ANZ-South,950
2025-06-16,SKU300,ANZ-East,866
2025-06-16,SKU300,ANZ-West,862
2025-06-16,SKU310,ANZ-North,792
2025-06-16,SKU310,ANZ-South,818
2025-06-16,SKU310,ANZ-East,749
2025-06-16,SKU310,ANZ-West,887
2025-06-23,SKU100,ANZ-North,1603
2025-06-23,SKU100,ANZ-South,1715
2025-06-23,SKU100,ANZ-East,1544
2025-06-23,SKU100,ANZ-West,1821
2025-06-23,SKU110,ANZ-North,1052
2025-06-23,SKU110,ANZ-South,1107
2025-06-23,SKU110,ANZ-East,1011
2025-06-23,SKU110,ANZ-West,1192
2025-06-23,SKU200,ANZ-North,1299
2025-06-23,SKU200,ANZ-South,1207
2025-06-23,SKU200,ANZ-East,1156
2025-06-23,SKU200,ANZ-West,1196
2025-06-23,SKU210,ANZ-North,1189
2025-06-23,SKU210,ANZ-South,1119
2025-06-23,SKU210,ANZ-East,1126
2025-06-23,SKU210,ANZ-West,961
2025-06-23,SKU300,ANZ-North,792
2025-06-23,SKU300,ANZ-South,889
2025-06-23,SKU300,ANZ-East,810
2025-06-23,SKU300,ANZ-West,790
2025-06-23,SKU310,ANZ-North,773
2025-06-23,SKU310,ANZ-South,799
2025-06-23,SKU310,ANZ-East,874
2025-06-23,SKU310,ANZ-West,748
2025-06-30,SKU100,ANZ-North,1633
2025-06-30,SKU100,ANZ-South,1421
2025-06-30,SKU100,ANZ-East,1795
2025-06-30,SKU100,ANZ-West,1588
2025-06-30,SKU110,ANZ-North,1093
2025-06-30,SKU110,ANZ-South,985
2025-06-30,SKU110,ANZ-East,1216
2025-06-30,SKU110,ANZ-West,1065
2025-06-30,SKU200,ANZ-North,1329
2025-06-30,SKU200,ANZ-South,1378
2025-06-30,SKU200,ANZ-East,1169
2025-06-30,SKU200,ANZ-West,1454
2025-06-30,SKU210,ANZ-North,1053
2025-06-30,SKU210,ANZ-South,1059
2025-06-30,SKU210,ANZ-East,1078
2025-06-30,SKU210,ANZ-West,1043
2025-06-30,SKU300,ANZ-North,675
2025-06-30,SKU300,ANZ-South,823
2025-06-30,SKU300,ANZ-East,885
2025-06-30,SKU300,ANZ-West,885
2025-06-30,SKU310,ANZ-North,821
2025-06-30,SKU310,ANZ-South,824
2025-06-30,SKU310,ANZ-East,715
2025-06-30,SKU310,ANZ-West,752
2025-07-07,SKU100,ANZ-North,1492
2025-07-07,SKU100,ANZ-South,1947
2025-07-07,SKU100,ANZ-East,1802
2025-07-07,SKU100,ANZ-West,1563
2025-07-07,SKU110,ANZ-North,1273
2025-07-07,SKU110,ANZ-South,1071
2025-07-07,SKU110,ANZ-East,1049
2025-07-07,SKU110,ANZ-West,1111
2025-07-07,SKU200,ANZ-North,1301
2025-07-07,SKU200,ANZ-South,1361
2025-07-07,SKU200,ANZ-East,1284
2025-07-07,SKU200,ANZ-West,1262
2025-07-07,SKU210,ANZ-North,1043
2025-07-07,SKU210,ANZ-South,1002
2025-07-07,SKU210,ANZ-East,988
2025-07-07,SKU210,ANZ-West,1105
2025-07-07,SKU300,ANZ-North,939
2025-07-07,SKU300,ANZ-South,871
2025-07-07,SKU300,ANZ-East,807
2025-07-07,SKU300,ANZ-West,830
2025-07-07,SKU310,ANZ-North,876
2025-07-07,SKU310,ANZ-South,812
2025-07-07,SKU310,ANZ-East,842
2025-07-07,SKU310,ANZ-West,834
2025-07-14,SKU100,ANZ-North,1620
2025-07-14,SKU100,ANZ-South,1629
2025-07-14,SKU100,ANZ-East,1834
2025-07-14,SKU100,ANZ-West,1486
2025-07-14,SKU110,ANZ-North,1232
2025-07-14,SKU110,ANZ-South,1189
2025-07-14,SKU110,ANZ-East,967
2025-07-14,SKU110,ANZ-West,1092
2025-07-14,SKU200,ANZ-North,1172
2025-07-14,SKU200,ANZ-South,1300
2025-07-14,SKU200,ANZ-East,1186
2025-07-14,SKU200,ANZ-West,1252
2025-07-14,SKU210,ANZ-North,989
2025-07-14,SKU210,ANZ-South,1019
2025-07-14,SKU210,ANZ-East,1126
2025-07-14,SKU210,ANZ-West,1117
2025-07-14,SKU300,ANZ-North,826
2025-07-14,SKU300,ANZ-South,838
2025-07-14,SKU300,ANZ-East,944
2025-07-14,SKU300,ANZ-West,869
2025-07-14,SKU310,ANZ-North,698
2025-07-14,SKU310,ANZ-South,677
2025-07-14,SKU310,ANZ-East,730
2025-07-14,SKU310,ANZ-West,703
2025-07-21,SKU100,ANZ-North,1566
2025-07-21,SKU100,ANZ-South,1638
2025-07-21,SKU100,ANZ-East,1502
2025-07-21,SKU100,ANZ-West,1547
2025-07-21,SKU110,ANZ-North,1077
2025-07-21,SKU110,ANZ-South,1072
2025-07-21,SKU110,ANZ-East,1162
2025-07-21,SKU110,ANZ-West,1135
2025-07-21,SKU200,ANZ-North,1271
2025-07-21,SKU200,ANZ-South,1209
2025-07-21,SKU200,ANZ-East,1239
2025-07-21,SKU200,ANZ-West,1119
2025-07-21,SKU210,ANZ-North,1231
2025-07-21,SKU210,ANZ-South,1120
2025-07-21,SKU210,ANZ-East,1135
2025-07-21,SKU210,ANZ-West,1077
2025-07-21,SKU300,ANZ-North,686
2025-07-21,SKU300,ANZ-South,861
2025-07-21,SKU300,ANZ-East,787
2025-07-21,SKU300,ANZ-West,865
2025-07-21,SKU310,ANZ-North,819
2025-07-21,SKU310,ANZ-South,837
2025-07-21,SKU310,ANZ-East,771
2025-07-21,SKU310,ANZ-West,789
2025-07-28,SKU100,ANZ-North,1419
2025-07-28,SKU100,ANZ-South,1552
2025-07-28,SKU100,ANZ-East,1571
2025-07-28,SKU100,ANZ-West,1567
2025-07-28,SKU110,ANZ-North,1204
2025-07-28,SKU110,ANZ-South,1155
2025-07-28,SKU110,ANZ-East,1117
2025-07-28,SKU110,ANZ-West,1078
2025-07-28,SKU200,ANZ-North,1395
2025-07-28,SKU200,ANZ-South,1142
2025-07-28,SKU200,ANZ-East,1280
2025-07-28,SKU200,ANZ-West,1118
2025-07-28,SKU210,ANZ-North,1146
2025-07-28,SKU210,ANZ-South,1204
2025-07-28,SKU210,ANZ-East,1057
2025-07-28,SKU210,ANZ-West,986
2025-07-28,SKU300,ANZ-North,804
2025-07-28,SKU300,ANZ-South,784
2025-07-28,SKU300,ANZ-East,954
2025-07-28,SKU300,ANZ-West,732
2025-07-28,SKU310,ANZ-North,773
2025-07-28,SKU310,ANZ-South,721
2025-07-28,SKU310,ANZ-East,790
2025-07-28,SKU310,ANZ-West,739
2025-08-04,SKU100,ANZ-North,1633
2025-08-04,SKU100,ANZ-South,1702
2025-08-04,SKU100,ANZ-East,1711
2025-08-04,SKU100,ANZ-West,1658
2025-08-04,SKU110,ANZ-North,1086
2025-08-04,SKU110,ANZ-South,1097
2025-08-04,SKU110,ANZ-East,1128
2025-08-04,SKU110,ANZ-West,1083
2025-08-04,SKU200,ANZ-North,1365
2025-08-04,SKU200,ANZ-South,1342
2025-08-04,SKU200,ANZ-East,1076
2025-08-04,SKU200,ANZ-West,1240
2025-08-04,SKU210,ANZ-North,875
2025-08-04,SKU210,ANZ-South,924
2025-08-04,SKU210,ANZ-East,1174
2025-08-04,SKU210,ANZ-West,1029
2025-08-04,SKU300,ANZ-North,833
2025-08-04,SKU300,ANZ-South,823
2025-08-04,SKU300,ANZ-East,955
2025-08-04,SKU300,ANZ-West,788
2025-08-04,SKU310,ANZ-North,661
2025-08-04,SKU310,ANZ-South,785
2025-08-04,SKU310,ANZ-East,851
2025-08-04,SKU310,ANZ-West,806
2025-08-11,SKU100,ANZ-North,1900
2025-08-11,SKU100,ANZ-South,1823
2025-08-11,SKU100,ANZ-East,1731
2025-08-11,SKU100,ANZ-West,1587
2025-08-11,SKU110,ANZ-North,1137
2025-08-11,SKU110,ANZ-South,1044
2025-08-11,SKU110,ANZ-East,1131
2025-08-11,SKU110,ANZ-West,1167
2025-08-11,SKU200,ANZ-North,1115
2025-08-11,SKU200,ANZ-South,1146
2025-08-11,SKU200,ANZ-East,1170
2025-08-11,SKU200,ANZ-West,1247
2025-08-11,SKU210,ANZ-North,981
2025-08-11,SKU210,ANZ-South,1102
2025-08-11,SKU210,ANZ-East,1067
2025-08-11,SKU210,ANZ-West,1090
2025-08-11,SKU300,ANZ-North,905
2025-08-11,SKU300,ANZ-South,816
2025-08-11,SKU300,ANZ-East,771
2025-08-11,SKU300,ANZ-West,856
2025-08-11,SKU310,ANZ-North,899
2025-08-11,SKU310,ANZ-South,735
2025-08-11,SKU310,ANZ-East,743
2025-08-11,SKU310,ANZ-West,871
2025-08-18,SKU100,ANZ-North,1700
2025-08-18,SKU100,ANZ-South,1579
2025-08-18,SKU100,ANZ-East,1815
2025-08-18,SKU100,ANZ-West,1522
2025-08-18,SKU110,ANZ-North,1113
2025-08-18,SKU110,ANZ-South,1143
2025-08-18,SKU110,ANZ-East,1258
2025-08-18,SKU110,ANZ-West,1111
2025-08-18,SKU200,ANZ-North,1163
2025-08-18,SKU200,ANZ-South,1254
2025-08-18,SKU200,ANZ-East,1404
2025-08-18,SKU200,ANZ-West,1194
2025-08-18,SKU210,ANZ-North,1140
2025-08-18,SKU210,ANZ-South,1027
2025-08-18,SKU210,ANZ-East,1085
2025-08-18,SKU210,ANZ-West,1252
2025-08-18,SKU300,ANZ-North,881
2025-08-18,SKU300,ANZ-South,803
2025-08-18,SKU300,ANZ-East,792
2025-08-18,SKU300,ANZ-West,797
2025-08-18,SKU310,ANZ-North,737
2025-08-18,SKU310,ANZ-South,768
2025-08-18,SKU310,ANZ-East,750
2025-08-18,SKU310,ANZ-West,802
2025-08-25,SKU100,ANZ-North,1523
2025-08-25,SKU100,ANZ-South,1700
2025-08-25,SKU100,ANZ-East,1712
2025-08-25,SKU100,ANZ-West,1655
2025-08-25,SKU110,ANZ-North,1157
2025-08-25,SKU110,ANZ-South,1151
2025-08-25,SKU110,ANZ-East,1221
2025-08-25,SKU110,ANZ-West,1138
2025-08-25,SKU200,ANZ-North,1210
2025-08-25,SKU200,ANZ-South,1057
2025-08-25,SKU200,ANZ-East,1221
2025-08-25,SKU200,ANZ-West,1236
2025-08-25,SKU210,ANZ-North,1242
2025-08-25,SKU210,ANZ-South,1021
2025-08-25,SKU210,ANZ-East,1092
2025-08-25,SKU210,ANZ-West,1048
2025-08-25,SKU300,ANZ-North,893
2025-08-25,SKU300,ANZ-South,876
2025-08-25,SKU300,ANZ-East,902
2025-08-25,SKU300,ANZ-West,885
2025-08-25,SKU310,ANZ-North,743
2025-08-25,SKU310,ANZ-South,702
2025-08-25,SKU310,ANZ-East,778
2025-08-25,SKU310,ANZ-West,724
