date,sku_id,location,on_hand_units,safety_stock_units
2024-01-01,SKU100,DC1,5430,5000
2024-01-01,SKU110,DC1,5709,5000
2024-01-01,SKU200,DC1,5011,3000
2024-01-01,SKU210,DC1,3570,3000
2024-01-01,SKU300,DC1,1777,1500
2024-01-01,SKU310,DC1,1754,1500
2024-01-01,SKU100,DC2,6635,5000
2024-01-01,SKU110,DC2,7029,5000
2024-01-01,SKU200,DC2,3284,3000
2024-01-01,SKU210,DC2,3543,3000
2024-01-01,SKU300,DC2,1325,1500
2024-01-01,SKU310,DC2,2063,1500
2024-01-01,SKU100,DC3,6751,5000
2024-01-01,SKU110,DC3,7021,5000
2024-01-01,SKU200,DC3,4625,3000
2024-01-01,SKU210,DC3,3174,3000
2024-01-01,SKU300,DC3,1335,1500
2024-01-01,SKU310,DC3,2027,1500
2024-01-08,SKU100,DC1,7026,5000
2024-01-08,SKU110,DC1,7230,5000
2024-01-08,SKU200,DC1,3927,3000
2024-01-08,SKU210,DC1,4010,3000
2024-01-08,SKU300,DC1,1784,1500
2024-01-08,SKU310,DC1,1810,1500
2024-01-08,SKU100,DC2,5720,5000
2024-01-08,SKU110,DC2,6774,5000
2024-01-08,SKU200,DC2,4356,3000
2024-01-08,SKU210,DC2,3675,3000
2024-01-08,SKU300,DC2,1941,1500
2024-01-08,SKU310,DC2,2079,1500
2024-01-08,SKU100,DC3,5942,5000
2024-01-08,SKU110,DC3,6371,5000
2024-01-08,SKU200,DC3,3550,3000
2024-01-08,SKU210,DC3,3529,3000
2024-01-08,SKU300,DC3,2220,1500
2024-01-08,SKU310,DC3,2132,1500
2024-01-15,SKU100,DC1,7693,5000
2024-01-15,SKU110,DC1,5584,5000
2024-01-15,SKU200,DC1,3665,3000
2024-01-15,SKU210,DC1,4063,3000
2024-01-15,SKU300,DC1,1842,1500
2024-01-15,SKU310,DC1,1885,1500
2024-01-15,SKU100,DC2,5904,5000
2024-01-15,SKU110,DC2,5906,5000
2024-01-15,SKU200,DC2,4254,3000
2024-01-15,SKU210,DC2,4298,3000
2024-01-15,SKU300,DC2,1972,1500
2024-01-15,SKU310,DC2,2361,1500
2024-01-15,SKU100,DC3,8229,5000
2024-01-15,SKU110,DC3,6501,5000
2024-01-15,SKU200,DC3,6227,3000
2024-01-15,SKU210,DC3,4431,3000
2024-01-15,SKU300,DC3,1857,1500
2024-01-15,SKU310,DC3,2047,1500
2024-01-22,SKU100,DC1,7807,5000
2024-01-22,SKU110,DC1,6051,5000
2024-01-22,SKU200,DC1,4331,3000
2024-01-22,SKU210,DC1,4211,3000
2024-01-22,SKU300,DC1,1940,1500
2024-01-22,SKU310,DC1,1937,1500
2024-01-22,SKU100,DC2,7084,5000
2024-01-22,SKU110,DC2,5714,5000
2024-01-22,SKU200,DC2,3519,3000
2024-01-22,SKU210,DC2,3206,3000
2024-01-22,SKU300,DC2,1791,1500
2024-01-22,SKU310,DC2,2473,1500
2024-01-22,SKU100,DC3,6810,5000
2024-01-22,SKU110,DC3,5899,5000
2024-01-22,SKU200,DC3,3804,3000
2024-01-22,SKU210,DC3,4397,3000
2024-01-22,SKU300,DC3,2337,1500
2024-01-22,SKU310,DC3,1997,1500
2024-01-29,SKU100,DC1,6060,5000
2024-01-29,SKU110,DC1,4312,5000
2024-01-29,SKU200,DC1,3474,3000
2024-01-29,SKU210,DC1,4209,3000
2024-01-29,SKU300,DC1,1992,1500
2024-01-29,SKU310,DC1,1931,1500
2024-01-29,SKU100,DC2,5273,5000
2024-01-29,SKU110,DC2,7887,5000
2024-01-29,SKU200,DC2,3184,3000
2024-01-29,SKU210,DC2,3943,3000
2024-01-29,SKU300,DC2,2072,1500
2024-01-29,SKU310,DC2,2365,1500
2024-01-29,SKU100,DC3,6534,5000
2024-01-29,SKU110,DC3,7037,5000
2024-01-29,SKU200,DC3,3722,3000
2024-01-29,SKU210,DC3,4066,3000
2024-01-29,SKU300,DC3,1881,1500
2024-01-29,SKU310,DC3,1615,1500
2024-02-05,SKU100,DC1,7325,5000
2024-02-05,SKU110,DC1,7413,5000
2024-02-05,SKU200,DC1,4620,3000
2024-02-05,SKU210,DC1,3614,3000
2024-02-05,SKU300,DC1,2028,1500
2024-02-05,SKU310,DC1,2051,1500
2024-02-05,SKU100,DC2,7572,5000
2024-02-05,SKU110,DC2,6533,5000
2024-02-05,SKU200,DC2,4532,3000
2024-02-05,SKU210,DC2,4290,3000
2024-02-05,SKU300,DC2,2312,1500
2024-02-05,SKU310,DC2,1943,1500
2024-02-05,SKU100,DC3,6538,5000
2024-02-05,SKU110,DC3,5628,5000
2024-02-05,SKU200,DC3,3257,3000
2024-02-05,SKU210,DC3,3206,3000
2024-02-05,SKU300,DC3,1881,1500
2024-02-05,SKU310,DC3,1704,1500
2024-02-12,SKU100,DC1,6537,5000
2024-02-12,SKU110,DC1,5449,5000
2024-02-12,SKU200,DC1,4099,3000
2024-02-12,SKU210,DC1,4774,3000
2024-02-12,SKU300,DC1,1875,1500
2024-02-12,SKU310,DC1,1687,1500
2024-02-12,SKU100,DC2,6217,5000
2024-02-12,SKU110,DC2,7197,5000
2024-02-12,SKU200,DC2,5166,3000
2024-02-12,SKU210,DC2,4348,3000
2024-02-12,SKU300,DC2,2143,1500
2024-02-12,SKU310,DC2,2457,1500
2024-02-12,SKU100,DC3,5732,5000
2024-02-12,SKU110,DC3,5753,5000
2024-02-12,SKU200,DC3,4288,3000
2024-02-12,SKU210,DC3,3686,3000
2024-02-12,SKU300,DC3,1964,1500
2024-02-12,SKU310,DC3,1957,1500
2024-02-19,SKU100,DC1,6673,5000
2024-02-19,SKU110,DC1,7025,5000
2024-02-19,SKU200,DC1,4287,3000
2024-02-19,SKU210,DC1,4254,3000
2024-02-19,SKU300,DC1,1646,1500
2024-02-19,SKU310,DC1,2017,1500
2024-02-19,SKU100,DC2,6235,5000
2024-02-19,SKU110,DC2,6001,5000
2024-02-19,SKU200,DC2,4566,3000
2024-02-19,SKU210,DC2,2963,3000
2024-02-19,SKU300,DC2,1661,1500
2024-02-19,SKU310,DC2,1728,1500
2024-02-19,SKU100,DC3,6220,5000
2024-02-19,SKU110,DC3,6331,5000
2024-02-19,SKU200,DC3,2909,3000
2024-02-19,SKU210,DC3,3684,3000
2024-02-19,SKU300,DC3,2061,1500
2024-02-19,SKU310,DC3,1817,1500
2024-02-26,SKU100,DC1,5100,5000
2024-02-26,SKU110,DC1,7785,5000
2024-02-26,SKU200,DC1,2870,3000
2024-02-26,SKU210,DC1,3612,3000
2024-02-26,SKU300,DC1,2087,1500
2024-02-26,SKU310,DC1,1975,1500
2024-02-26,SKU100,DC2,6995,5000
2024-02-26,SKU110,DC2,6753,5000
2024-02-26,SKU200,DC2,3127,3000
2024-02-26,SKU210,DC2,3070,3000
2024-02-26,SKU300,DC2,1466,1500
2024-02-26,SKU310,DC2,2262,1500
2024-02-26,SKU100,DC3,6644,5000
2024-02-26,SKU110,DC3,6518,5000
2024-02-26,SKU200,DC3,4200,3000
2024-02-26,SKU210,DC3,4509,3000
2024-02-26,SKU300,DC3,1994,1500
2024-02-26,SKU310,DC3,1778,1500
2024-03-04,SKU100,DC1,6441,5000
2024-03-04,SKU110,DC1,5289,5000
2024-03-04,SKU200,DC1,3841,3000
2024-03-04,SKU210,DC1,4171,3000
2024-03-04,SKU300,DC1,2177,1500
2024-03-04,SKU310,DC1,2211,1500
2024-03-04,SKU100,DC2,8083,5000
2024-03-04,SKU110,DC2,5465,5000
2024-03-04,SKU200,DC2,3997,3000
2024-03-04,SKU210,DC2,3653,3000
2024-03-04,SKU300,DC2,1796,1500
2024-03-04,SKU310,DC2,1931,1500
2024-03-04,SKU100,DC3,6479,5000
2024-03-04,SKU110,DC3,7617,5000
2024-03-04,SKU200,DC3,4572,3000
2024-03-04,SKU210,DC3,2898,3000
2024-03-04,SKU300,DC3,1807,1500
2024-03-04,SKU310,DC3,2059,1500
2024-03-11,SKU100,DC1,6977,5000
2024-03-11,SKU110,DC1,5722,5000
2024-03-11,SKU200,DC1,3146,3000
2024-03-11,SKU210,DC1,3978,3000
2024-03-11,SKU300,DC1,1658,1500
2024-03-11,SKU310,DC1,1983,1500
2024-03-11,SKU100,DC2,6884,5000
2024-03-11,SKU110,DC2,7150,5000
2024-03-11,SKU200,DC2,4133,3000
2024-03-11,SKU210,DC2,3791,3000
2024-03-11,SKU300,DC2,1861,1500
2024-03-11,SKU310,DC2,2331,1500
2024-03-11,SKU100,DC3,6285,5000
2024-03-11,SKU110,DC3,4750,5000
2024-03-11,SKU200,DC3,4046,3000
2024-03-11,SKU210,DC3,3834,3000
2024-03-11,SKU300,DC3,1817,1500
2024-03-11,SKU310,DC3,2058,1500
2024-03-18,SKU100,DC1,7130,5000
2024-03-18,SKU110,DC1,7289,5000
2024-03-18,SKU200,DC1,4336,3000
2024-03-18,SKU210,DC1,4581,3000
2024-03-18,SKU300,DC1,1964,1500
2024-03-18,SKU310,DC1,1932,1500
2024-03-18,SKU100,DC2,6330,5000
2024-03-18,SKU110,DC2,6396,5000
2024-03-18,SKU200,DC2,4498,3000
2024-03-18,SKU210,DC2,4590,3000
2024-03-18,SKU300,DC2,2186,1500
2024-03-18,SKU310,DC2,2063,1500
2024-03-18,SKU100,DC3,7621,5000
2024-03-18,SKU110,DC3,7548,5000
2024-03-18,SKU200,DC3,4434,3000
2024-03-18,SKU210,DC3,3768,3000
2024-03-18,SKU300,DC3,1709,1500
2024-03-18,SKU310,DC3,1464,1500
2024-03-25,SKU100,DC1,6084,5000
2024-03-25,SKU110,DC1,7543,5000
2024-03-25,SKU200,DC1,4664,3000
2024-03-25,SKU210,DC1,3449,3000
2024-03-25,SKU300,DC1,2266,1500
2024-03-25,SKU310,DC1,1815,1500
2024-03-25,SKU100,DC2,6600,5000
2024-03-25,SKU110,DC2,5833,5000
2024-03-25,SKU200,DC2,4739,3000
2024-03-25,SKU210,DC2,4807,3000
2024-03-25,SKU300,DC2,1529,1500
2024-03-25,SKU310,DC2,1849,1500
2024-03-25,SKU100,DC3,7269,5000
2024-03-25,SKU110,DC3,5992,5000
2024-03-25,SKU200,DC3,3819,3000
2024-03-25,SKU210,DC3,3196,3000
2024-03-25,SKU300,DC3,1811,1500
2024-03-25,SKU310,DC3,1871,1500
2024-04-01,SKU100,DC1,5866,5000
2024-04-01,SKU110,DC1,7033,5000
2024-04-01,SKU200,DC1,4131,3000
2024-04-01,SKU210,DC1,3394,3000
2024-04-01,SKU300,DC1,1716,1500
2024-04-01,SKU310,DC1,1568,1500
2024-04-01,SKU100,DC2,6469,5000
2024-04-01,SKU110,DC2,4388,5000
2024-04-01,SKU200,DC2,4053,3000
2024-04-01,SKU210,DC2,4892,3000
2024-04-01,SKU300,DC2,1357,1500
2024-04-01,SKU310,DC2,1813,1500
2024-04-01,SKU100,DC3,5972,5000
2024-04-01,SKU110,DC3,7140,5000
2024-04-01,SKU200,DC3,3223,3000
2024-04-01,SKU210,DC3,4488,3000
2024-04-01,SKU300,DC3,2139,1500
2024-04-01,SKU310,DC3,1734,1500
2024-04-08,SKU100,DC1,6797,5000
2024-04-08,SKU110,DC1,6596,5000
2024-04-08,SKU200,DC1,3687,3000
2024-04-08,SKU210,DC1,3849,3000
2024-04-08,SKU300,DC1,2228,1500
2024-04-08,SKU310,DC1,2781,1500
2024-04-08,SKU100,DC2,5748,5000
2024-04-08,SKU110,DC2,6224,5000
2024-04-08,SKU200,DC2,2803,3000
2024-04-08,SKU210,DC2,4874,3000
2024-04-08,SKU300,DC2,1601,1500
2024-04-08,SKU310,DC2,1571,1500
2024-04-08,SKU100,DC3,9022,5000
2024-04-08,SKU110,DC3,6168,5000
2024-04-08,SKU200,DC3,2854,3000
2024-04-08,SKU210,DC3,2642,3000
2024-04-08,SKU300,DC3,2500,1500
2024-04-08,SKU310,DC3,2378,1500
2024-04-15,SKU100,DC1,5996,5000
2024-04-15,SKU110,DC1,7647,5000
2024-04-15,SKU200,DC1,4288,3000
2024-04-15,SKU210,DC1,3234,3000
2024-04-15,SKU300,DC1,1757,1500
2024-04-15,SKU310,DC1,2200,1500
2024-04-15,SKU100,DC2,6612,5000
2024-04-15,SKU110,DC2,7534,5000
2024-04-15,SKU200,DC2,4344,3000
2024-04-15,SKU210,DC2,3750,3000
2024-04-15,SKU300,DC2,1355,1500
2024-04-15,SKU310,DC2,2292,1500
2024-04-15,SKU100,DC3,6783,5000
2024-04-15,SKU110,DC3,9445,5000
2024-04-15,SKU200,DC3,3391,3000
2024-04-15,SKU210,DC3,4481,3000
2024-04-15,SKU300,DC3,2816,1500
2024-04-15,SKU310,DC3,1487,1500
2024-04-22,SKU100,DC1,6279,5000
2024-04-22,SKU110,DC1,7245,5000
2024-04-22,SKU200,DC1,4500,3000
2024-04-22,SKU210,DC1,4256,3000
2024-04-22,SKU300,DC1,1642,1500
2024-04-22,SKU310,DC1,1753,1500
2024-04-22,SKU100,DC2,6527,5000
2024-04-22,SKU110,DC2,5130,5000
2024-04-22,SKU200,DC2,3220,3000
2024-04-22,SKU210,DC2,3335,3000
2024-04-22,SKU300,DC2,1853,1500
2024-04-22,SKU310,DC2,1694,1500
2024-04-22,SKU100,DC3,7105,5000
2024-04-22,SKU110,DC3,7550,5000
2024-04-22,SKU200,DC3,4528,3000
2024-04-22,SKU210,DC3,3048,3000
2024-04-22,SKU300,DC3,1547,1500
2024-04-22,SKU310,DC3,2059,1500
2024-04-29,SKU100,DC1,5970,5000
2024-04-29,SKU110,DC1,4970,5000
2024-04-29,SKU200,DC1,4129,3000
2024-04-29,SKU210,DC1,3067,3000
2024-04-29,SKU300,DC1,1579,1500
2024-04-29,SKU310,DC1,1543,1500
2024-04-29,SKU100,DC2,6891,5000
2024-04-29,SKU110,DC2,4630,5000
2024-04-29,SKU200,DC2,2711,3000
2024-04-29,SKU210,DC2,4006,3000
2024-04-29,SKU300,DC2,2137,1500
2024-04-29,SKU310,DC2,2054,1500
2024-04-29,SKU100,DC3,4766,5000
2024-04-29,SKU110,DC3,7184,5000
2024-04-29,SKU200,DC3,3749,3000
2024-04-29,SKU210,DC3,2501,3000
2024-04-29,SKU300,DC3,1799,1500
2024-04-29,SKU310,DC3,2025,1500
2024-05-06,SKU100,DC1,7774,5000
2024-05-06,SKU110,DC1,6337,5000
2024-05-06,SKU200,DC1,4339,3000
2024-05-06,SKU210,DC1,4295,3000
2024-05-06,SKU300,DC1,1803,1500
2024-05-06,SKU310,DC1,1441,1500
2024-05-06,SKU100,DC2,6414,5000
2024-05-06,SKU110,DC2,7436,5000
2024-05-06,SKU200,DC2,4521,3000
2024-05-06,SKU210,DC2,4420,3000
2024-05-06,SKU300,DC2,1856,1500
2024-05-06,SKU310,DC2,1812,1500
2024-05-06,SKU100,DC3,7169,5000
2024-05-06,SKU110,DC3,7014,5000
2024-05-06,SKU200,DC3,2242,3000
2024-05-06,SKU210,DC3,3686,3000
2024-05-06,SKU300,DC3,2044,1500
2024-05-06,SKU310,DC3,2128,1500
2024-05-13,SKU100,DC1,5376,5000
2024-05-13,SKU110,DC1,6952,5000
2024-05-13,SKU200,DC1,3005,3000
2024-05-13,SKU210,DC1,3656,3000
2024-05-13,SKU300,DC1,2249,1500
2024-05-13,SKU310,DC1,2496,1500
2024-05-13,SKU100,DC2,5469,5000
2024-05-13,SKU110,DC2,6060,5000
2024-05-13,SKU200,DC2,4361,3000
2024-05-13,SKU210,DC2,3573,3000
2024-05-13,SKU300,DC2,2089,1500
2024-05-13,SKU310,DC2,1467,1500
2024-05-13,SKU100,DC3,7963,5000
2024-05-13,SKU110,DC3,6703,5000
2024-05-13,SKU200,DC3,4009,3000
2024-05-13,SKU210,DC3,3520,3000
2024-05-13,SKU300,DC3,1559,1500
2024-05-13,SKU310,DC3,2357,1500
2024-05-20,SKU100,DC1,6988,5000
2024-05-20,SKU110,DC1,4881,5000
2024-05-20,SKU200,DC1,3816,3000
2024-05-20,SKU210,DC1,4539,3000
2024-05-20,SKU300,DC1,1922,1500
2024-05-20,SKU310,DC1,2223,1500
2024-05-20,SKU100,DC2,7471,5000
2024-05-20,SKU110,DC2,7419,5000
2024-05-20,SKU200,DC2,3418,3000
2024-05-20,SKU210,DC2,4121,3000
2024-05-20,SKU300,DC2,2246,1500
2024-05-20,SKU310,DC2,2076,1500
2024-05-20,SKU100,DC3,7545,5000
2024-05-20,SKU110,DC3,7940,5000
2024-05-20,SKU200,DC3,4054,3000
2024-05-20,SKU210,DC3,4186,3000
2024-05-20,SKU300,DC3,2254,1500
2024-05-20,SKU310,DC3,1662,1500
2024-05-27,SKU100,DC1,7500,5000
2024-05-27,SKU110,DC1,5550,5000
2024-05-27,SKU200,DC1,4386,3000
2024-05-27,SKU210,DC1,4082,3000
2024-05-27,SKU300,DC1,1852,1500
2024-05-27,SKU310,DC1,2077,1500
2024-05-27,SKU100,DC2,6526,5000
2024-05-27,SKU110,DC2,5141,5000
2024-05-27,SKU200,DC2,3561,3000
2024-05-27,SKU210,DC2,3333,3000
2024-05-27,SKU300,DC2,1697,1500
2024-05-27,SKU310,DC2,1845,1500
2024-05-27,SKU100,DC3,7149,5000
2024-05-27,SKU110,DC3,5572,5000
2024-05-27,SKU200,DC3,3029,3000
2024-05-27,SKU210,DC3,3017,3000
2024-05-27,SKU300,DC3,1681,1500
2024-05-27,SKU310,DC3,1670,1500
2024-06-03,SKU100,DC1,5432,5000
2024-06-03,SKU110,DC1,6158,5000
2024-06-03,SKU200,DC1,3594,3000
2024-06-03,SKU210,DC1,4049,3000
2024-06-03,SKU300,DC1,1510,1500
2024-06-03,SKU310,DC1,1778,1500
2024-06-03,SKU100,DC2,6066,5000
2024-06-03,SKU110,DC2,5662,5000
2024-06-03,SKU200,DC2,2829,3000
2024-06-03,SKU210,DC2,4627,3000
2024-06-03,SKU300,DC2,2169,1500
2024-06-03,SKU310,DC2,1135,1500
2024-06-03,SKU100,DC3,6061,5000
2024-06-03,SKU110,DC3,6261,5000
2024-06-03,SKU200,DC3,4054,3000
2024-06-03,SKU210,DC3,5171,3000
2024-06-03,SKU300,DC3,1668,1500
2024-06-03,SKU310,DC3,2128,1500
2024-06-10,SKU100,DC1,5932,5000
2024-06-10,SKU110,DC1,6377,5000
2024-06-10,SKU200,DC1,3387,3000
2024-06-10,SKU210,DC1,4667,3000
2024-06-10,SKU300,DC1,2178,1500
2024-06-10,SKU310,DC1,2556,1500
2024-06-10,SKU100,DC2,7831,5000
2024-06-10,SKU110,DC2,7161,5000
2024-06-10,SKU200,DC2,4156,3000
2024-06-10,SKU210,DC2,3391,3000
2024-06-10,SKU300,DC2,1641,1500
2024-06-10,SKU310,DC2,1669,1500
2024-06-10,SKU100,DC3,7636,5000
2024-06-10,SKU110,DC3,4840,5000
2024-06-10,SKU200,DC3,4043,3000
2024-06-10,SKU210,DC3,3780,3000
2024-06-10,SKU300,DC3,1791,1500
2024-06-10,SKU310,DC3,2231,1500
2024-06-17,SKU100,DC1,7633,5000
2024-06-17,SKU110,DC1,6652,5000
2024-06-17,SKU200,DC1,4144,3000
2024-06-17,SKU210,DC1,3124,3000
2024-06-17,SKU300,DC1,1866,1500
2024-06-17,SKU310,DC1,2462,1500
2024-06-17,SKU100,DC2,8525,5000
2024-06-17,SKU110,DC2,7266,5000
2024-06-17,SKU200,DC2,4027,3000
2024-06-17,SKU210,DC2,4515,3000
2024-06-17,SKU300,DC2,1455,1500
2024-06-17,SKU310,DC2,2241,1500
2024-06-17,SKU100,DC3,5739,5000
2024-06-17,SKU110,DC3,4846,5000
2024-06-17,SKU200,DC3,3137,3000
2024-06-17,SKU210,DC3,4839,3000
2024-06-17,SKU300,DC3,2463,1500
2024-06-17,SKU310,DC3,1716,1500
2024-06-24,SKU100,DC1,6169,5000
2024-06-24,SKU110,DC1,3545,5000
2024-06-24,SKU200,DC1,3995,3000
2024-06-24,SKU210,DC1,4382,3000
2024-06-24,SKU300,DC1,1463,1500
2024-06-24,SKU310,DC1,2095,1500
2024-06-24,SKU100,DC2,4634,5000
2024-06-24,SKU110,DC2,5521,5000
2024-06-24,SKU200,DC2,4449,3000
2024-06-24,SKU210,DC2,3378,3000
2024-06-24,SKU300,DC2,2336,1500
2024-06-24,SKU310,DC2,1936,1500
2024-06-24,SKU100,DC3,6229,5000
2024-06-24,SKU110,DC3,6965,5000
2024-06-24,SKU200,DC3,4365,3000
2024-06-24,SKU210,DC3,4276,3000
2024-06-24,SKU300,DC3,1805,1500
2024-06-24,SKU310,DC3,2351,1500
2024-07-01,SKU100,DC1,6573,5000
2024-07-01,SKU110,DC1,7258,5000
2024-07-01,SKU200,DC1,3217,3000
2024-07-01,SKU210,DC1,3479,3000
2024-07-01,SKU300,DC1,1957,1500
2024-07-01,SKU310,DC1,1792,1500
2024-07-01,SKU100,DC2,7505,5000
2024-07-01,SKU110,DC2,7107,5000
2024-07-01,SKU200,DC2,3554,3000
2024-07-01,SKU210,DC2,2889,3000
2024-07-01,SKU300,DC2,1731,1500
2024-07-01,SKU310,DC2,1458,1500
2024-07-01,SKU100,DC3,4946,5000
2024-07-01,SKU110,DC3,4379,5000
2024-07-01,SKU200,DC3,3713,3000
2024-07-01,SKU210,DC3,4294,3000
2024-07-01,SKU300,DC3,2238,1500
2024-07-01,SKU310,DC3,2092,1500
2024-07-08,SKU100,DC1,6275,5000
2024-07-08,SKU110,DC1,5321,5000
2024-07-08,SKU200,DC1,4348,3000
2024-07-08,SKU210,DC1,4057,3000
2024-07-08,SKU300,DC1,2041,1500
2024-07-08,SKU310,DC1,2054,1500
2024-07-08,SKU100,DC2,6615,5000
2024-07-08,SKU110,DC2,6624,5000
2024-07-08,SKU200,DC2,3226,3000
2024-07-08,SKU210,DC2,3633,3000
2024-07-08,SKU300,DC2,1962,1500
2024-07-08,SKU310,DC2,2160,1500
2024-07-08,SKU100,DC3,6297,5000
2024-07-08,SKU110,DC3,8030,5000
2024-07-08,SKU200,DC3,4311,3000
2024-07-08,SKU210,DC3,3796,3000
2024-07-08,SKU300,DC3,2105,1500
2024-07-08,SKU310,DC3,1805,1500
2024-07-15,SKU100,DC1,6517,5000
2024-07-15,SKU110,DC1,5846,5000
2024-07-15,SKU200,DC1,3242,3000
2024-07-15,SKU210,DC1,4152,3000
2024-07-15,SKU300,DC1,1693,1500
2024-07-15,SKU310,DC1,2053,1500
2024-07-15,SKU100,DC2,5996,5000
2024-07-15,SKU110,DC2,6138,5000
2024-07-15,SKU200,DC2,4124,3000
2024-07-15,SKU210,DC2,4066,3000
2024-07-15,SKU300,DC2,1417,1500
2024-07-15,SKU310,DC2,2040,1500
2024-07-15,SKU100,DC3,5424,5000
2024-07-15,SKU110,DC3,6013,5000
2024-07-15,SKU200,DC3,3868,3000
2024-07-15,SKU210,DC3,3139,3000
2024-07-15,SKU300,DC3,1376,1500
2024-07-15,SKU310,DC3,2234,1500
2024-07-22,SKU100,DC1,8098,5000
2024-07-22,SKU110,DC1,4605,5000
2024-07-22,SKU200,DC1,4309,3000
2024-07-22,SKU210,DC1,4012,3000
2024-07-22,SKU300,DC1,1395,1500
2024-07-22,SKU310,DC1,1708,1500
2024-07-22,SKU100,DC2,6316,5000
2024-07-22,SKU110,DC2,6824,5000
2024-07-22,SKU200,DC2,3438,3000
2024-07-22,SKU210,DC2,4051,3000
2024-07-22,SKU300,DC2,1559,1500
2024-07-22,SKU310,DC2,1940,1500
2024-07-22,SKU100,DC3,5335,5000
2024-07-22,SKU110,DC3,5993,5000
2024-07-22,SKU200,DC3,3979,3000
2024-07-22,SKU210,DC3,5237,3000
2024-07-22,SKU300,DC3,1723,1500
2024-07-22,SKU310,DC3,2297,1500
2024-07-29,SKU100,DC1,6924,5000
2024-07-29,SKU110,DC1,5448,5000
2024-07-29,SKU200,DC1,4414,3000
2024-07-29,SKU210,DC1,3898,3000
2024-07-29,SKU300,DC1,1928,1500
2024-07-29,SKU310,DC1,2134,1500
2024-07-29,SKU100,DC2,5451,5000
2024-07-29,SKU110,DC2,6557,5000
2024-07-29,SKU200,DC2,4648,3000
2024-07-29,SKU210,DC2,2638,3000
2024-07-29,SKU300,DC2,1767,1500
2024-07-29,SKU310,DC2,1930,1500
2024-07-29,SKU100,DC3,6847,5000
2024-07-29,SKU110,DC3,6432,5000
2024-07-29,SKU200,DC3,4067,3000
2024-07-29,SKU210,DC3,2904,3000
2024-07-29,SKU300,DC3,2285,1500
2024-07-29,SKU310,DC3,2130,1500
2024-08-05,SKU100,DC1,6296,5000
2024-08-05,SKU110,DC1,5267,5000
2024-08-05,SKU200,DC1,4306,3000
2024-08-05,SKU210,DC1,3740,3000
2024-08-05,SKU300,DC1,2154,1500
2024-08-05,SKU310,DC1,2135,1500
2024-08-05,SKU100,DC2,6044,5000
2024-08-05,SKU110,DC2,6558,5000
2024-08-05,SKU200,DC2,4451,3000
2024-08-05,SKU210,DC2,4397,3000
2024-08-05,SKU300,DC2,2325,1500
2024-08-05,SKU310,DC2,1650,1500
2024-08-05,SKU100,DC3,4730,5000
2024-08-05,SKU110,DC3,8297,5000
2024-08-05,SKU200,DC3,3039,3000
2024-08-05,SKU210,DC3,3361,3000
2024-08-05,SKU300,DC3,2101,1500
2024-08-05,SKU310,DC3,1568,1500
2024-08-12,SKU100,DC1,4323,5000
2024-08-12,SKU110,DC1,6676,5000
2024-08-12,SKU200,DC1,4085,3000
2024-08-12,SKU210,DC1,3021,3000
2024-08-12,SKU300,DC1,1917,1500
2024-08-12,SKU310,DC1,2353,1500
2024-08-12,SKU100,DC2,7504,5000
2024-08-12,SKU110,DC2,7281,5000
2024-08-12,SKU200,DC2,3939,3000
2024-08-12,SKU210,DC2,3964,3000
2024-08-12,SKU300,DC2,1577,1500
2024-08-12,SKU310,DC2,1842,1500
2024-08-12,SKU100,DC3,6185,5000
2024-08-12,SKU110,DC3,6327,5000
2024-08-12,SKU200,DC3,4291,3000
2024-08-12,SKU210,DC3,3921,3000
2024-08-12,SKU300,DC3,2301,1500
2024-08-12,SKU310,DC3,2184,1500
2024-08-19,SKU100,DC1,6453,5000
2024-08-19,SKU110,DC1,6298,5000
2024-08-19,SKU200,DC1,3764,3000
2024-08-19,SKU210,DC1,4807,3000
2024-08-19,SKU300,DC1,1826,1500
2024-08-19,SKU310,DC1,2591,1500
2024-08-19,SKU100,DC2,7051,5000
2024-08-19,SKU110,DC2,6686,5000
2024-08-19,SKU200,DC2,2806,3000
2024-08-19,SKU210,DC2,3029,3000
2024-08-19,SKU300,DC2,2270,1500
2024-08-19,SKU310,DC2,1778,1500
2024-08-19,SKU100,DC3,6569,5000
2024-08-19,SKU110,DC3,6233,5000
2024-08-19,SKU200,DC3,4565,3000
2024-08-19,SKU210,DC3,3550,3000
2024-08-19,SKU300,DC3,2386,1500
2024-08-19,SKU310,DC3,2197,1500
2024-08-26,SKU100,DC1,6115,5000
2024-08-26,SKU110,DC1,6522,5000
2024-08-26,SKU200,DC1,4639,3000
2024-08-26,SKU210,DC1,3665,3000
2024-08-26,SKU300,DC1,1987,1500
2024-08-26,SKU310,DC1,2171,1500
2024-08-26,SKU100,DC2,5999,5000
2024-08-26,SKU110,DC2,7494,5000
2024-08-26,SKU200,DC2,4353,3000
2024-08-26,SKU210,DC2,4403,3000
2024-08-26,SKU300,DC2,2103,1500
2024-08-26,SKU310,DC2,2330,1500
2024-08-26,SKU100,DC3,6339,5000
2024-08-26,SKU110,DC3,6579,5000
2024-08-26,SKU200,DC3,4352,3000
2024-08-26,SKU210,DC3,3505,3000
2024-08-26,SKU300,DC3,1556,1500
2024-08-26,SKU310,DC3,2120,1500
2024-09-02,SKU100,DC1,4825,5000
2024-09-02,SKU110,DC1,6368,5000
2024-09-02,SKU200,DC1,3736,3000
2024-09-02,SKU210,DC1,3475,3000
2024-09-02,SKU300,DC1,2502,1500
2024-09-02,SKU310,DC1,2333,1500
2024-09-02,SKU100,DC2,5668,5000
2024-09-02,SKU110,DC2,6628,5000
2024-09-02,SKU200,DC2,4132,3000
2024-09-02,SKU210,DC2,3992,3000
2024-09-02,SKU300,DC2,1536,1500
2024-09-02,SKU310,DC2,1920,1500
2024-09-02,SKU100,DC3,5837,5000
2024-09-02,SKU110,DC3,6730,5000
2024-09-02,SKU200,DC3,3613,3000
2024-09-02,SKU210,DC3,3096,3000
2024-09-02,SKU300,DC3,1611,1500
2024-09-02,SKU310,DC3,2279,1500
2024-09-09,SKU100,DC1,7080,5000
2024-09-09,SKU110,DC1,5981,5000
2024-09-09,SKU200,DC1,3607,3000
2024-09-09,SKU210,DC1,4294,3000
2024-09-09,SKU300,DC1,2015,1500
2024-09-09,SKU310,DC1,1827,1500
2024-09-09,SKU100,DC2,6248,5000
2024-09-09,SKU110,DC2,5802,5000
2024-09-09,SKU200,DC2,3946,3000
2024-09-09,SKU210,DC2,5505,3000
2024-09-09,SKU300,DC2,1694,1500
2024-09-09,SKU310,DC2,1857,1500
2024-09-09,SKU100,DC3,4827,5000
2024-09-09,SKU110,DC3,6658,5000
2024-09-09,SKU200,DC3,3186,3000
2024-09-09,SKU210,DC3,3079,3000
2024-09-09,SKU300,DC3,1437,1500
2024-09-09,SKU310,DC3,2186,1500
2024-09-16,SKU100,DC1,5936,5000
2024-09-16,SKU110,DC1,4979,5000
2024-09-16,SKU200,DC1,3785,3000
2024-09-16,SKU210,DC1,3491,3000
2024-09-16,SKU300,DC1,1882,1500
2024-09-16,SKU310,DC1,2171,1500
2024-09-16,SKU100,DC2,7504,5000
2024-09-16,SKU110,DC2,6242,5000
2024-09-16,SKU200,DC2,3810,3000
2024-09-16,SKU210,DC2,3907,3000
2024-09-16,SKU300,DC2,1884,1500
2024-09-16,SKU310,DC2,1953,1500
2024-09-16,SKU100,DC3,6144,5000
2024-09-16,SKU110,DC3,6644,5000
2024-09-16,SKU200,DC3,3264,3000
2024-09-16,SKU210,DC3,3618,3000
2024-09-16,SKU300,DC3,2034,1500
2024-09-16,SKU310,DC3,2171,1500
2024-09-23,SKU100,DC1,7894,5000
2024-09-23,SKU110,DC1,7788,5000
2024-09-23,SKU200,DC1,4867,3000
2024-09-23,SKU210,DC1,4565,3000
2024-09-23,SKU300,DC1,2355,1500
2024-09-23,SKU310,DC1,2189,1500
2024-09-23,SKU100,DC2,8216,5000
2024-09-23,SKU110,DC2,6629,5000
2024-09-23,SKU200,DC2,4737,3000
2024-09-23,SKU210,DC2,4159,3000
2024-09-23,SKU300,DC2,1986,1500
2024-09-23,SKU310,DC2,2081,1500
2024-09-23,SKU100,DC3,8111,5000
2024-09-23,SKU110,DC3,6124,5000
2024-09-23,SKU200,DC3,4524,3000
2024-09-23,SKU210,DC3,3843,3000
2024-09-23,SKU300,DC3,1661,1500
2024-09-23,SKU310,DC3,1705,1500
2024-09-30,SKU100,DC1,6798,5000
2024-09-30,SKU110,DC1,7106,5000
2024-09-30,SKU200,DC1,3607,3000
2024-09-30,SKU210,DC1,3187,3000
2024-09-30,SKU300,DC1,2014,1500
2024-09-30,SKU310,DC1,2008,1500
2024-09-30,SKU100,DC2,7862,5000
2024-09-30,SKU110,DC2,5795,5000
2024-09-30,SKU200,DC2,3847,3000
2024-09-30,SKU210,DC2,4353,3000
2024-09-30,SKU300,DC2,2445,1500
2024-09-30,SKU310,DC2,2089,1500
2024-09-30,SKU100,DC3,5746,5000
2024-09-30,SKU110,DC3,4549,5000
2024-09-30,SKU200,DC3,3062,3000
2024-09-30,SKU210,DC3,2980,3000
2024-09-30,SKU300,DC3,2040,1500
2024-09-30,SKU310,DC3,1750,1500
2024-10-07,SKU100,DC1,6374,5000
2024-10-07,SKU110,DC1,7422,5000
2024-10-07,SKU200,DC1,3593,3000
2024-10-07,SKU210,DC1,4557,3000
2024-10-07,SKU300,DC1,1995,1500
2024-10-07,SKU310,DC1,2051,1500
2024-10-07,SKU100,DC2,7603,5000
2024-10-07,SKU110,DC2,5545,5000
2024-10-07,SKU200,DC2,4405,3000
2024-10-07,SKU210,DC2,3868,3000
2024-10-07,SKU300,DC2,1970,1500
2024-10-07,SKU310,DC2,1395,1500
2024-10-07,SKU100,DC3,6427,5000
2024-10-07,SKU110,DC3,7520,5000
2024-10-07,SKU200,DC3,3872,3000
2024-10-07,SKU210,DC3,4402,3000
2024-10-07,SKU300,DC3,2149,1500
2024-10-07,SKU310,DC3,2015,1500
2024-10-14,SKU100,DC1,7009,5000
2024-10-14,SKU110,DC1,7036,5000
2024-10-14,SKU200,DC1,3343,3000
2024-10-14,SKU210,DC1,3586,3000
2024-10-14,SKU300,DC1,1666,1500
2024-10-14,SKU310,DC1,2395,1500
2024-10-14,SKU100,DC2,7428,5000
2024-10-14,SKU110,DC2,7063,5000
2024-10-14,SKU200,DC2,4333,3000
2024-10-14,SKU210,DC2,4067,3000
2024-10-14,SKU300,DC2,1964,1500
2024-10-14,SKU310,DC2,1973,1500
2024-10-14,SKU100,DC3,8032,5000
2024-10-14,SKU110,DC3,6146,5000
2024-10-14,SKU200,DC3,4335,3000
2024-10-14,SKU210,DC3,2684,3000
2024-10-14,SKU300,DC3,2581,1500
2024-10-14,SKU310,DC3,2421,1500
2024-10-21,SKU100,DC1,5796,5000
2024-10-21,SKU110,DC1,4868,5000
2024-10-21,SKU200,DC1,3891,3000
2024-10-21,SKU210,DC1,4361,3000
2024-10-21,SKU300,DC1,1823,1500
2024-10-21,SKU310,DC1,2241,1500
2024-10-21,SKU100,DC2,7511,5000
2024-10-21,SKU110,DC2,6446,5000
2024-10-21,SKU200,DC2,3118,3000
2024-10-21,SKU210,DC2,5222,3000
2024-10-21,SKU300,DC2,2348,1500
2024-10-21,SKU310,DC2,2572,1500
2024-10-21,SKU100,DC3,7214,5000
2024-10-21,SKU110,DC3,5778,5000
2024-10-21,SKU200,DC3,3447,3000
2024-10-21,SKU210,DC3,3752,3000
2024-10-21,SKU300,DC3,2157,1500
2024-10-21,SKU310,DC3,1793,1500
2024-10-28,SKU100,DC1,5837,5000
2024-10-28,SKU110,DC1,6365,5000
2024-10-28,SKU200,DC1,4697,3000
2024-10-28,SKU210,DC1,3273,3000
2024-10-28,SKU300,DC1,1763,1500
2024-10-28,SKU310,DC1,1753,1500
2024-10-28,SKU100,DC2,7148,5000
2024-10-28,SKU110,DC2,7860,5000
2024-10-28,SKU200,DC2,3685,3000
2024-10-28,SKU210,DC2,3498,3000
2024-10-28,SKU300,DC2,1901,1500
2024-10-28,SKU310,DC2,2231,1500
2024-10-28,SKU100,DC3,6976,5000
2024-10-28,SKU110,DC3,5786,5000
2024-10-28,SKU200,DC3,4016,3000
2024-10-28,SKU210,DC3,3350,3000
2024-10-28,SKU300,DC3,2170,1500
2024-10-28,SKU310,DC3,1627,1500
2024-11-04,SKU100,DC1,6287,5000
2024-11-04,SKU110,DC1,6031,5000
2024-11-04,SKU200,DC1,4209,3000
2024-11-04,SKU210,DC1,5273,3000
2024-11-04,SKU300,DC1,1942,1500
2024-11-04,SKU310,DC1,2004,1500
2024-11-04,SKU100,DC2,6774,5000
2024-11-04,SKU110,DC2,6484,5000
2024-11-04,SKU200,DC2,4661,3000
2024-11-04,SKU210,DC2,4079,3000
2024-11-04,SKU300,DC2,1822,1500
2024-11-04,SKU310,DC2,2262,1500
2024-11-04,SKU100,DC3,8181,5000
2024-11-04,SKU110,DC3,5986,5000
2024-11-04,SKU200,DC3,3288,3000
2024-11-04,SKU210,DC3,3922,3000
2024-11-04,SKU300,DC3,1577,1500
2024-11-04,SKU310,DC3,1440,1500
2024-11-11,SKU100,DC1,5042,5000
2024-11-11,SKU110,DC1,5685,5000
2024-11-11,SKU200,DC1,2788,3000
2024-11-11,SKU210,DC1,4187,3000
2024-11-11,SKU300,DC1,2316,1500
2024-11-11,SKU310,DC1,2550,1500
2024-11-11,SKU100,DC2,4991,5000
2024-11-11,SKU110,DC2,7706,5000
2024-11-11,SKU200,DC2,4668,3000
2024-11-11,SKU210,DC2,3620,3000
2024-11-11,SKU300,DC2,1560,1500
2024-11-11,SKU310,DC2,1838,1500
2024-11-11,SKU100,DC3,7697,5000
2024-11-11,SKU110,DC3,6264,5000
2024-11-11,SKU200,DC3,3475,3000
2024-11-11,SKU210,DC3,4295,3000
2024-11-11,SKU300,DC3,1724,1500
2024-11-11,SKU310,DC3,1845,1500
2024-11-18,SKU100,DC1,5696,5000
2024-11-18,SKU110,DC1,6443,5000
2024-11-18,SKU200,DC1,3914,3000
2024-11-18,SKU210,DC1,3516,3000
2024-11-18,SKU300,DC1,2013,1500
2024-11-18,SKU310,DC1,1915,1500
2024-11-18,SKU100,DC2,8828,5000
2024-11-18,SKU110,DC2,6919,5000
2024-11-18,SKU200,DC2,3800,3000
2024-11-18,SKU210,DC2,3902,3000
2024-11-18,SKU300,DC2,1967,1500
2024-11-18,SKU310,DC2,2021,1500
2024-11-18,SKU100,DC3,6368,5000
2024-11-18,SKU110,DC3,5444,5000
2024-11-18,SKU200,DC3,4779,3000
2024-11-18,SKU210,DC3,4719,3000
2024-11-18,SKU300,DC3,2489,1500
2024-11-18,SKU310,DC3,2095,1500
2024-11-25,SKU100,DC1,7018,5000
2024-11-25,SKU110,DC1,6908,5000
2024-11-25,SKU200,DC1,2896,3000
2024-11-25,SKU210,DC1,2921,3000
2024-11-25,SKU300,DC1,2333,1500
2024-11-25,SKU310,DC1,1815,1500
2024-11-25,SKU100,DC2,5737,5000
2024-11-25,SKU110,DC2,6194,5000
2024-11-25,SKU200,DC2,3781,3000
2024-11-25,SKU210,DC2,4093,3000
2024-11-25,SKU300,DC2,1777,1500
2024-11-25,SKU310,DC2,2283,1500
2024-11-25,SKU100,DC3,5377,5000
2024-11-25,SKU110,DC3,9224,5000
2024-11-25,SKU200,DC3,4201,3000
2024-11-25,SKU210,DC3,3556,3000
2024-11-25,SKU300,DC3,1798,1500
2024-11-25,SKU310,DC3,2104,1500
2024-12-02,SKU100,DC1,6479,5000
2024-12-02,SKU110,DC1,8277,5000
2024-12-02,SKU200,DC1,4192,3000
2024-12-02,SKU210,DC1,3491,3000
2024-12-02,SKU300,DC1,2193,1500
2024-12-02,SKU310,DC1,1746,1500
2024-12-02,SKU100,DC2,7243,5000
2024-12-02,SKU110,DC2,4615,5000
2024-12-02,SKU200,DC2,2686,3000
2024-12-02,SKU210,DC2,3228,3000
2024-12-02,SKU300,DC2,2148,1500
2024-12-02,SKU310,DC2,1753,1500
2024-12-02,SKU100,DC3,5884,5000
2024-12-02,SKU110,DC3,6925,5000
2024-12-02,SKU200,DC3,2917,3000
2024-12-02,SKU210,DC3,4006,3000
2024-12-02,SKU300,DC3,1754,1500
2024-12-02,SKU310,DC3,2449,1500
2024-12-09,SKU100,DC1,6417,5000
2024-12-09,SKU110,DC1,5615,5000
2024-12-09,SKU200,DC1,2457,3000
2024-12-09,SKU210,DC1,3659,3000
2024-12-09,SKU300,DC1,1714,1500
2024-12-09,SKU310,DC1,1477,1500
2024-12-09,SKU100,DC2,5254,5000
2024-12-09,SKU110,DC2,8102,5000
2024-12-09,SKU200,DC2,3884,3000
2024-12-09,SKU210,DC2,4872,3000
2024-12-09,SKU300,DC2,1951,1500
2024-12-09,SKU310,DC2,1844,1500
2024-12-09,SKU100,DC3,7052,5000
2024-12-09,SKU110,DC3,5498,5000
2024-12-09,SKU200,DC3,3877,3000
2024-12-09,SKU210,DC3,3693,3000
2024-12-09,SKU300,DC3,2610,1500
2024-12-09,SKU310,DC3,1704,1500
2024-12-16,SKU100,DC1,6488,5000
2024-12-16,SKU110,DC1,5869,5000
2024-12-16,SKU200,DC1,3987,3000
2024-12-16,SKU210,DC1,2593,3000
2024-12-16,SKU300,DC1,2084,1500
2024-12-16,SKU310,DC1,2849,1500
2024-12-16,SKU100,DC2,7765,5000
2024-12-16,SKU110,DC2,6935,5000
2024-12-16,SKU200,DC2,3668,3000
2024-12-16,SKU210,DC2,4264,3000
2024-12-16,SKU300,DC2,2349,1500
2024-12-16,SKU310,DC2,2228,1500
2024-12-16,SKU100,DC3,6264,5000
2024-12-16,SKU110,DC3,4790,5000
2024-12-16,SKU200,DC3,2846,3000
2024-12-16,SKU210,DC3,3426,3000
2024-12-16,SKU300,DC3,1612,1500
2024-12-16,SKU310,DC3,2110,1500
2024-12-23,SKU100,DC1,6205,5000
2024-12-23,SKU110,DC1,9384,5000
2024-12-23,SKU200,DC1,3489,3000
2024-12-23,SKU210,DC1,3641,3000
2024-12-23,SKU300,DC1,2182,1500
2024-12-23,SKU310,DC1,2405,1500
2024-12-23,SKU100,DC2,6883,5000
2024-12-23,SKU110,DC2,7129,5000
2024-12-23,SKU200,DC2,4191,3000
2024-12-23,SKU210,DC2,4095,3000
2024-12-23,SKU300,DC2,2181,1500
2024-12-23,SKU310,DC2,1541,1500
2024-12-23,SKU100,DC3,6704,5000
2024-12-23,SKU110,DC3,7271,5000
2024-12-23,SKU200,DC3,2853,3000
2024-12-23,SKU210,DC3,3355,3000
2024-12-23,SKU300,DC3,2124,1500
2024-12-23,SKU310,DC3,1400,1500
2024-12-30,SKU100,DC1,5383,5000
2024-12-30,SKU110,DC1,7287,5000
2024-12-30,SKU200,DC1,4609,3000
2024-12-30,SKU210,DC1,4802,3000
2024-12-30,SKU300,DC1,2055,1500
2024-12-30,SKU310,DC1,2195,1500
2024-12-30,SKU100,DC2,6543,5000
2024-12-30,SKU110,DC2,5971,5000
2024-12-30,SKU200,DC2,5293,3000
2024-12-30,SKU210,DC2,4518,3000
2024-12-30,SKU300,DC2,1422,1500
2024-12-30,SKU310,DC2,2156,1500
2024-12-30,SKU100,DC3,6974,5000
2024-12-30,SKU110,DC3,7787,5000
2024-12-30,SKU200,DC3,2438,3000
2024-12-30,SKU210,DC3,4272,3000
2024-12-30,SKU300,DC3,1696,1500
2024-12-30,SKU310,DC3,1806,1500
2025-01-06,SKU100,DC1,8319,5000
2025-01-06,SKU110,DC1,7068,5000
2025-01-06,SKU200,DC1,5031,3000
2025-01-06,SKU210,DC1,4267,3000
2025-01-06,SKU300,DC1,2289,1500
2025-01-06,SKU310,DC1,2161,1500
2025-01-06,SKU100,DC2,5873,5000
2025-01-06,SKU110,DC2,5186,5000
2025-01-06,SKU200,DC2,3764,3000
2025-01-06,SKU210,DC2,4507,3000
2025-01-06,SKU300,DC2,2191,1500
2025-01-06,SKU310,DC2,1966,1500
2025-01-06,SKU100,DC3,4772,5000
2025-01-06,SKU110,DC3,9602,5000
2025-01-06,SKU200,DC3,3772,3000
2025-01-06,SKU210,DC3,3183,3000
2025-01-06,SKU300,DC3,1889,1500
2025-01-06,SKU310,DC3,2016,1500
2025-01-13,SKU100,DC1,7127,5000
2025-01-13,SKU110,DC1,6204,5000
2025-01-13,SKU200,DC1,3860,3000
2025-01-13,SKU210,DC1,4197,3000
2025-01-13,SKU300,DC1,2062,1500
2025-01-13,SKU310,DC1,1626,1500
2025-01-13,SKU100,DC2,5819,5000
2025-01-13,SKU110,DC2,6518,5000
2025-01-13,SKU200,DC2,2518,3000
2025-01-13,SKU210,DC2,3523,3000
2025-01-13,SKU300,DC2,2118,1500
2025-01-13,SKU310,DC2,2051,1500
2025-01-13,SKU100,DC3,6110,5000
2025-01-13,SKU110,DC3,5827,5000
2025-01-13,SKU200,DC3,3084,3000
2025-01-13,SKU210,DC3,2913,3000
2025-01-13,SKU300,DC3,1494,1500
2025-01-13,SKU310,DC3,1887,1500
2025-01-20,SKU100,DC1,4516,5000
2025-01-20,SKU110,DC1,5370,5000
2025-01-20,SKU200,DC1,3228,3000
2025-01-20,SKU210,DC1,4219,3000
2025-01-20,SKU300,DC1,1695,1500
2025-01-20,SKU310,DC1,2026,1500
2025-01-20,SKU100,DC2,6535,5000
2025-01-20,SKU110,DC2,7597,5000
2025-01-20,SKU200,DC2,4678,3000
2025-01-20,SKU210,DC2,3251,3000
2025-01-20,SKU300,DC2,2136,1500
2025-01-20,SKU310,DC2,2170,1500
2025-01-20,SKU100,DC3,6179,5000
2025-01-20,SKU110,DC3,6626,5000
2025-01-20,SKU200,DC3,4301,3000
2025-01-20,SKU210,DC3,4267,3000
2025-01-20,SKU300,DC3,1696,1500
2025-01-20,SKU310,DC3,1803,1500
2025-01-27,SKU100,DC1,5998,5000
2025-01-27,SKU110,DC1,5715,5000
2025-01-27,SKU200,DC1,5009,3000
2025-01-27,SKU210,DC1,4506,3000
2025-01-27,SKU300,DC1,2117,1500
2025-01-27,SKU310,DC1,1869,1500
2025-01-27,SKU100,DC2,6525,5000
2025-01-27,SKU110,DC2,7997,5000
2025-01-27,SKU200,DC2,4236,3000
2025-01-27,SKU210,DC2,3115,3000
2025-01-27,SKU300,DC2,2350,1500
2025-01-27,SKU310,DC2,1870,1500
2025-01-27,SKU100,DC3,4917,5000
2025-01-27,SKU110,DC3,6223,5000
2025-01-27,SKU200,DC3,3444,3000
2025-01-27,SKU210,DC3,3090,3000
2025-01-27,SKU300,DC3,1752,1500
2025-01-27,SKU310,DC3,1990,1500
2025-02-03,SKU100,DC1,4495,5000
2025-02-03,SKU110,DC1,6772,5000
2025-02-03,SKU200,DC1,3567,3000
2025-02-03,SKU210,DC1,4399,3000
2025-02-03,SKU300,DC1,2075,1500
2025-02-03,SKU310,DC1,1475,1500
2025-02-03,SKU100,DC2,6309,5000
2025-02-03,SKU110,DC2,8045,5000
2025-02-03,SKU200,DC2,3421,3000
2025-02-03,SKU210,DC2,4329,3000
2025-02-03,SKU300,DC2,2124,1500
2025-02-03,SKU310,DC2,1967,1500
2025-02-03,SKU100,DC3,5793,5000
2025-02-03,SKU110,DC3,7355,5000
2025-02-03,SKU200,DC3,4078,3000
2025-02-03,SKU210,DC3,3226,3000
2025-02-03,SKU300,DC3,1670,1500
2025-02-03,SKU310,DC3,2269,1500
2025-02-10,SKU100,DC1,6400,5000
2025-02-10,SKU110,DC1,5043,5000
2025-02-10,SKU200,DC1,4083,3000
2025-02-10,SKU210,DC1,3711,3000
2025-02-10,SKU300,DC1,1739,1500
2025-02-10,SKU310,DC1,2028,1500
2025-02-10,SKU100,DC2,8153,5000
2025-02-10,SKU110,DC2,6723,5000
2025-02-10,SKU200,DC2,3705,3000
2025-02-10,SKU210,DC2,3137,3000
2025-02-10,SKU300,DC2,1841,1500
2025-02-10,SKU310,DC2,2071,1500
2025-02-10,SKU100,DC3,7394,5000
2025-02-10,SKU110,DC3,7376,5000
2025-02-10,SKU200,DC3,3748,3000
2025-02-10,SKU210,DC3,3661,3000
2025-02-10,SKU300,DC3,2011,1500
2025-02-10,SKU310,DC3,1974,1500
2025-02-17,SKU100,DC1,8687,5000
2025-02-17,SKU110,DC1,7049,5000
2025-02-17,SKU200,DC1,5285,3000
2025-02-17,SKU210,DC1,3438,3000
2025-02-17,SKU300,DC1,2100,1500
2025-02-17,SKU310,DC1,2264,1500
2025-02-17,SKU100,DC2,5007,5000
2025-02-17,SKU110,DC2,6305,5000
2025-02-17,SKU200,DC2,3300,3000
2025-02-17,SKU210,DC2,4037,3000
2025-02-17,SKU300,DC2,2096,1500
2025-02-17,SKU310,DC2,1766,1500
2025-02-17,SKU100,DC3,5984,5000
2025-02-17,SKU110,DC3,6183,5000
2025-02-17,SKU200,DC3,4021,3000
2025-02-17,SKU210,DC3,4819,3000
2025-02-17,SKU300,DC3,2524,1500
2025-02-17,SKU310,DC3,1887,1500
2025-02-24,SKU100,DC1,5395,5000
2025-02-24,SKU110,DC1,7042,5000
2025-02-24,SKU200,DC1,3516,3000
2025-02-24,SKU210,DC1,3664,3000
2025-02-24,SKU300,DC1,1806,1500
2025-02-24,SKU310,DC1,2269,1500
2025-02-24,SKU100,DC2,6038,5000
2025-02-24,SKU110,DC2,5899,5000
2025-02-24,SKU200,DC2,4213,3000
2025-02-24,SKU210,DC2,3480,3000
2025-02-24,SKU300,DC2,1907,1500
2025-02-24,SKU310,DC2,2422,1500
2025-02-24,SKU100,DC3,5504,5000
2025-02-24,SKU110,DC3,6611,5000
2025-02-24,SKU200,DC3,3296,3000
2025-02-24,SKU210,DC3,4906,3000
2025-02-24,SKU300,DC3,1454,1500
2025-02-24,SKU310,DC3,1828,1500
2025-03-03,SKU100,DC1,7415,5000
2025-03-03,SKU110,DC1,5903,5000
2025-03-03,SKU200,DC1,3080,3000
2025-03-03,SKU210,DC1,2769,3000
2025-03-03,SKU300,DC1,2103,1500
2025-03-03,SKU310,DC1,1826,1500
2025-03-03,SKU100,DC2,7369,5000
2025-03-03,SKU110,DC2,6436,5000
2025-03-03,SKU200,DC2,3509,3000
2025-03-03,SKU210,DC2,4169,3000
2025-03-03,SKU300,DC2,1637,1500
2025-03-03,SKU310,DC2,2029,1500
2025-03-03,SKU100,DC3,5563,5000
2025-03-03,SKU110,DC3,6122,5000
2025-03-03,SKU200,DC3,3484,3000
2025-03-03,SKU210,DC3,4497,3000
2025-03-03,SKU300,DC3,2385,1500
2025-03-03,SKU310,DC3,2312,1500
2025-03-10,SKU100,DC1,7800,5000
2025-03-10,SKU110,DC1,7130,5000
2025-03-10,SKU200,DC1,3496,3000
2025-03-10,SKU210,DC1,3732,3000
2025-03-10,SKU300,DC1,1982,1500
2025-03-10,SKU310,DC1,2095,1500
2025-03-10,SKU100,DC2,7482,5000
2025-03-10,SKU110,DC2,6616,5000
2025-03-10,SKU200,DC2,4226,3000
2025-03-10,SKU210,DC2,4558,3000
2025-03-10,SKU300,DC2,2004,1500
2025-03-10,SKU310,DC2,1979,1500
2025-03-10,SKU100,DC3,6904,5000
2025-03-10,SKU110,DC3,6398,5000
2025-03-10,SKU200,DC3,4091,3000
2025-03-10,SKU210,DC3,3697,3000
2025-03-10,SKU300,DC3,1790,1500
2025-03-10,SKU310,DC3,1298,1500
2025-03-17,SKU100,DC1,6722,5000
2025-03-17,SKU110,DC1,5143,5000
2025-03-17,SKU200,DC1,4294,3000
2025-03-17,SKU210,DC1,3554,3000
2025-03-17,SKU300,DC1,2151,1500
2025-03-17,SKU310,DC1,2278,1500
2025-03-17,SKU100,DC2,6046,5000
2025-03-17,SKU110,DC2,6112,5000
2025-03-17,SKU200,DC2,3455,3000
2025-03-17,SKU210,DC2,3214,3000
2025-03-17,SKU300,DC2,1607,1500
2025-03-17,SKU310,DC2,1778,1500
2025-03-17,SKU100,DC3,6031,5000
2025-03-17,SKU110,DC3,7220,5000
2025-03-17,SKU200,DC3,3582,3000
2025-03-17,SKU210,DC3,3921,3000
2025-03-17,SKU300,DC3,2495,1500
2025-03-17,SKU310,DC3,2473,1500
2025-03-24,SKU100,DC1,5622,5000
2025-03-24,SKU110,DC1,7902,5000
2025-03-24,SKU200,DC1,3586,3000
2025-03-24,SKU210,DC1,3904,3000
2025-03-24,SKU300,DC1,1872,1500
2025-03-24,SKU310,DC1,2386,1500
2025-03-24,SKU100,DC2,7969,5000
2025-03-24,SKU110,DC2,4324,5000
2025-03-24,SKU200,DC2,4588,3000
2025-03-24,SKU210,DC2,4140,3000
2025-03-24,SKU300,DC2,2416,1500
2025-03-24,SKU310,DC2,1861,1500
2025-03-24,SKU100,DC3,7709,5000
2025-03-24,SKU110,DC3,6852,5000
2025-03-24,SKU200,DC3,3212,3000
2025-03-24,SKU210,DC3,3749,3000
2025-03-24,SKU300,DC3,2109,1500
2025-03-24,SKU310,DC3,2172,1500
2025-03-31,SKU100,DC1,6726,5000
2025-03-31,SKU110,DC1,7609,5000
2025-03-31,SKU200,DC1,3936,3000
2025-03-31,SKU210,DC1,4139,3000
2025-03-31,SKU300,DC1,1880,1500
2025-03-31,SKU310,DC1,1521,1500
2025-03-31,SKU100,DC2,4795,5000
2025-03-31,SKU110,DC2,5415,5000
2025-03-31,SKU200,DC2,4558,3000
2025-03-31,SKU210,DC2,4384,3000
2025-03-31,SKU300,DC2,2310,1500
2025-03-31,SKU310,DC2,2030,1500
2025-03-31,SKU100,DC3,6987,5000
2025-03-31,SKU110,DC3,7412,5000
2025-03-31,SKU200,DC3,4076,3000
2025-03-31,SKU210,DC3,3846,3000
2025-03-31,SKU300,DC3,1681,1500
2025-03-31,SKU310,DC3,1874,1500
2025-04-07,SKU100,DC1,7676,5000
2025-04-07,SKU110,DC1,7212,5000
2025-04-07,SKU200,DC1,4125,3000
2025-04-07,SKU210,DC1,3498,3000
2025-04-07,SKU300,DC1,1637,1500
2025-04-07,SKU310,DC1,2461,1500
2025-04-07,SKU100,DC2,5635,5000
2025-04-07,SKU110,DC2,6640,5000
2025-04-07,SKU200,DC2,5002,3000
2025-04-07,SKU210,DC2,3602,3000
2025-04-07,SKU300,DC2,1676,1500
2025-04-07,SKU310,DC2,2426,1500
2025-04-07,SKU100,DC3,6967,5000
2025-04-07,SKU110,DC3,7686,5000
2025-04-07,SKU200,DC3,4287,3000
2025-04-07,SKU210,DC3,4251,3000
2025-04-07,SKU300,DC3,1286,1500
2025-04-07,SKU310,DC3,1814,1500
2025-04-14,SKU100,DC1,4335,5000
2025-04-14,SKU110,DC1,7570,5000
2025-04-14,SKU200,DC1,4428,3000
2025-04-14,SKU210,DC1,3417,3000
2025-04-14,SKU300,DC1,1543,1500
2025-04-14,SKU310,DC1,1997,1500
2025-04-14,SKU100,DC2,6415,5000
2025-04-14,SKU110,DC2,5719,5000
2025-04-14,SKU200,DC2,3584,3000
2025-04-14,SKU210,DC2,4190,3000
2025-04-14,SKU300,DC2,2653,1500
2025-04-14,SKU310,DC2,1968,1500
2025-04-14,SKU100,DC3,7717,5000
2025-04-14,SKU110,DC3,5848,5000
2025-04-14,SKU200,DC3,4154,3000
2025-04-14,SKU210,DC3,4589,3000
2025-04-14,SKU300,DC3,1987,1500
2025-04-14,SKU310,DC3,3019,1500
2025-04-21,SKU100,DC1,6114,5000
2025-04-21,SKU110,DC1,7648,5000
2025-04-21,SKU200,DC1,4906,3000
2025-04-21,SKU210,DC1,4789,3000
2025-04-21,SKU300,DC1,1870,1500
2025-04-21,SKU310,DC1,2314,1500
2025-04-21,SKU100,DC2,5294,5000
2025-04-21,SKU110,DC2,7090,5000
2025-04-21,SKU200,DC2,2909,3000
2025-04-21,SKU210,DC2,3820,3000
2025-04-21,SKU300,DC2,2003,1500
2025-04-21,SKU310,DC2,2587,1500
2025-04-21,SKU100,DC3,6273,5000
2025-04-21,SKU110,DC3,6725,5000
2025-04-21,SKU200,DC3,4311,3000
2025-04-21,SKU210,DC3,4337,3000
2025-04-21,SKU300,DC3,2536,1500
2025-04-21,SKU310,DC3,1809,1500
2025-04-28,SKU100,DC1,6539,5000
2025-04-28,SKU110,DC1,8270,5000
2025-04-28,SKU200,DC1,3528,3000
2025-04-28,SKU210,DC1,5205,3000
2025-04-28,SKU300,DC1,2011,1500
2025-04-28,SKU310,DC1,1690,1500
2025-04-28,SKU100,DC2,7878,5000
2025-04-28,SKU110,DC2,6367,5000
2025-04-28,SKU200,DC2,4525,3000
2025-04-28,SKU210,DC2,3393,3000
2025-04-28,SKU300,DC2,1965,1500
2025-04-28,SKU310,DC2,1847,1500
2025-04-28,SKU100,DC3,6521,5000
2025-04-28,SKU110,DC3,5399,5000
2025-04-28,SKU200,DC3,3616,3000
2025-04-28,SKU210,DC3,3940,3000
2025-04-28,SKU300,DC3,2438,1500
2025-04-28,SKU310,DC3,1730,1500
2025-05-05,SKU100,DC1,7045,5000
2025-05-05,SKU110,DC1,5763,5000
2025-05-05,SKU200,DC1,3317,3000
2025-05-05,SKU210,DC1,4188,3000
2025-05-05,SKU300,DC1,1953,1500
2025-05-05,SKU310,DC1,2104,1500
2025-05-05,SKU100,DC2,6230,5000
2025-05-05,SKU110,DC2,5846,5000
2025-05-05,SKU200,DC2,2980,3000
2025-05-05,SKU210,DC2,4101,3000
2025-05-05,SKU300,DC2,2456,1500
2025-05-05,SKU310,DC2,2236,1500
2025-05-05,SKU100,DC3,5965,5000
2025-05-05,SKU110,DC3,5573,5000
2025-05-05,SKU200,DC3,3729,3000
2025-05-05,SKU210,DC3,3825,3000
2025-05-05,SKU300,DC3,1930,1500
2025-05-05,SKU310,DC3,2107,1500
2025-05-12,SKU100,DC1,5272,5000
2025-05-12,SKU110,DC1,6789,5000
2025-05-12,SKU200,DC1,3961,3000
2025-05-12,SKU210,DC1,3644,3000
2025-05-12,SKU300,DC1,2142,1500
2025-05-12,SKU310,DC1,2350,1500
2025-05-12,SKU100,DC2,7808,5000
2025-05-12,SKU110,DC2,6679,5000
2025-05-12,SKU200,DC2,3178,3000
2025-05-12,SKU210,DC2,3725,3000
2025-05-12,SKU300,DC2,1962,1500
2025-05-12,SKU310,DC2,2109,1500
2025-05-12,SKU100,DC3,6774,5000
2025-05-12,SKU110,DC3,6462,5000
2025-05-12,SKU200,DC3,4169,3000
2025-05-12,SKU210,DC3,3313,3000
2025-05-12,SKU300,DC3,2002,1500
2025-05-12,SKU310,DC3,1670,1500
2025-05-19,SKU100,DC1,4914,5000
2025-05-19,SKU110,DC1,5414,5000
2025-05-19,SKU200,DC1,3030,3000
2025-05-19,SKU210,DC1,3916,3000
2025-05-19,SKU300,DC1,1537,1500
2025-05-19,SKU310,DC1,2139,1500
2025-05-19,SKU100,DC2,6695,5000
2025-05-19,SKU110,DC2,7085,5000
2025-05-19,SKU200,DC2,4129,3000
2025-05-19,SKU210,DC2,4933,3000
2025-05-19,SKU300,DC2,2137,1500
2025-05-19,SKU310,DC2,1844,1500
2025-05-19,SKU100,DC3,6680,5000
2025-05-19,SKU110,DC3,5865,5000
2025-05-19,SKU200,DC3,3839,3000
2025-05-19,SKU210,DC3,3839,3000
2025-05-19,SKU300,DC3,2038,1500
2025-05-19,SKU310,DC3,1662,1500
2025-05-26,SKU100,DC1,6575,5000
2025-05-26,SKU110,DC1,7116,5000
2025-05-26,SKU200,DC1,4856,3000
2025-05-26,SKU210,DC1,3965,3000
2025-05-26,SKU300,DC1,1983,1500
2025-05-26,SKU310,DC1,1872,1500
2025-05-26,SKU100,DC2,8332,5000
2025-05-26,SKU110,DC2,6918,5000
2025-05-26,SKU200,DC2,3706,3000
2025-05-26,SKU210,DC2,4028,3000
2025-05-26,SKU300,DC2,2136,1500
2025-05-26,SKU310,DC2,2092,1500
2025-05-26,SKU100,DC3,5395,5000
2025-05-26,SKU110,DC3,7838,5000
2025-05-26,SKU200,DC3,4345,3000
2025-05-26,SKU210,DC3,3298,3000
2025-05-26,SKU300,DC3,1712,1500
2025-05-26,SKU310,DC3,1466,1500
2025-06-02,SKU100,DC1,5537,5000
2025-06-02,SKU110,DC1,7125,5000
2025-06-02,SKU200,DC1,3393,3000
2025-06-02,SKU210,DC1,2854,3000
2025-06-02,SKU300,DC1,1987,1500
2025-06-02,SKU310,DC1,1721,1500
2025-06-02,SKU100,DC2,8313,5000
2025-06-02,SKU110,DC2,6479,5000
2025-06-02,SKU200,DC2,5329,3000
2025-06-02,SKU210,DC2,3671,3000
2025-06-02,SKU300,DC2,1794,1500
2025-06-02,SKU310,DC2,1759,1500
2025-06-02,SKU100,DC3,7078,5000
2025-06-02,SKU110,DC3,5911,5000
2025-06-02,SKU200,DC3,3438,3000
2025-06-02,SKU210,DC3,3268,3000
2025-06-02,SKU300,DC3,1826,1500
2025-06-02,SKU310,DC3,1923,1500
2025-06-09,SKU100,DC1,7258,5000
2025-06-09,SKU110,DC1,6430,5000
2025-06-09,SKU200,DC1,3222,3000
2025-06-09,SKU210,DC1,3432,3000
2025-06-09,SKU300,DC1,1637,1500
2025-06-09,SKU310,DC1,2269,1500
2025-06-09,SKU100,DC2,7489,5000
2025-06-09,SKU110,DC2,6175,5000
2025-06-09,SKU200,DC2,3380,3000
2025-06-09,SKU210,DC2,3818,3000
2025-06-09,SKU300,DC2,1955,1500
2025-06-09,SKU310,DC2,1487,1500
2025-06-09,SKU100,DC3,6635,5000
2025-06-09,SKU110,DC3,5081,5000
2025-06-09,SKU200,DC3,3367,3000
2025-06-09,SKU210,DC3,3675,3000
2025-06-09,SKU300,DC3,1917,1500
2025-06-09,SKU310,DC3,1606,1500
2025-06-16,SKU100,DC1,5692,5000
2025-06-16,SKU110,DC1,6650,5000
2025-06-16,SKU200,DC1,3825,3000
2025-06-16,SKU210,DC1,4954,3000
2025-06-16,SKU300,DC1,1683,1500
2025-06-16,SKU310,DC1,1957,1500
2025-06-16,SKU100,DC2,5337,5000
2025-06-16,SKU110,DC2,7807,5000
2025-06-16,SKU200,DC2,4772,3000
2025-06-16,SKU210,DC2,4395,3000
2025-06-16,SKU300,DC2,2440,1500
2025-06-16,SKU310,DC2,1964,1500
2025-06-16,SKU100,DC3,5581,5000
2025-06-16,SKU110,DC3,5688,5000
2025-06-16,SKU200,DC3,2460,3000
2025-06-16,SKU210,DC3,2449,3000
2025-06-16,SKU300,DC3,2187,1500
2025-06-16,SKU310,DC3,1660,1500
2025-06-23,SKU100,DC1,5176,5000
2025-06-23,SKU110,DC1,8461,5000
2025-06-23,SKU200,DC1,3899,3000
2025-06-23,SKU210,DC1,4528,3000
2025-06-23,SKU300,DC1,1918,1500
2025-06-23,SKU310,DC1,1748,1500
2025-06-23,SKU100,DC2,9195,5000
2025-06-23,SKU110,DC2,5971,5000
2025-06-23,SKU200,DC2,4240,3000
2025-06-23,SKU210,DC2,3858,3000
2025-06-23,SKU300,DC2,2248,1500
2025-06-23,SKU310,DC2,2357,1500
2025-06-23,SKU100,DC3,5675,5000
2025-06-23,SKU110,DC3,6372,5000
2025-06-23,SKU200,DC3,2698,3000
2025-06-23,SKU210,DC3,3778,3000
2025-06-23,SKU300,DC3,2252,1500
2025-06-23,SKU310,DC3,2254,1500
2025-06-30,SKU100,DC1,8334,5000
2025-06-30,SKU110,DC1,7257,5000
2025-06-30,SKU200,DC1,3645,3000
2025-06-30,SKU210,DC1,3820,3000
2025-06-30,SKU300,DC1,1675,1500
2025-06-30,SKU310,DC1,1703,1500
2025-06-30,SKU100,DC2,7769,5000
2025-06-30,SKU110,DC2,5748,5000
2025-06-30,SKU200,DC2,3763,3000
2025-06-30,SKU210,DC2,4381,3000
2025-06-30,SKU300,DC2,1983,1500
2025-06-30,SKU310,DC2,1797,1500
2025-06-30,SKU100,DC3,5390,5000
2025-06-30,SKU110,DC3,5835,5000
2025-06-30,SKU200,DC3,3606,3000
2025-06-30,SKU210,DC3,3643,3000
2025-06-30,SKU300,DC3,2248,1500
2025-06-30,SKU310,DC3,2458,1500
2025-07-07,SKU100,DC1,4722,5000
2025-07-07,SKU110,DC1,3414,5000
2025-07-07,SKU200,DC1,5410,3000
2025-07-07,SKU210,DC1,4071,3000
2025-07-07,SKU300,DC1,2096,1500
2025-07-07,SKU310,DC1,2226,1500
2025-07-07,SKU100,DC2,5146,5000
2025-07-07,SKU110,DC2,6386,5000
2025-07-07,SKU200,DC2,4382,3000
2025-07-07,SKU210,DC2,4148,3000
2025-07-07,SKU300,DC2,1985,1500
2025-07-07,SKU310,DC2,1676,1500
2025-07-07,SKU100,DC3,7373,5000
2025-07-07,SKU110,DC3,7033,5000
2025-07-07,SKU200,DC3,4005,3000
2025-07-07,SKU210,DC3,4695,3000
2025-07-07,SKU300,DC3,1780,1500
2025-07-07,SKU310,DC3,2425,1500
2025-07-14,SKU100,DC1,5981,5000
2025-07-14,SKU110,DC1,6207,5000
2025-07-14,SKU200,DC1,4024,3000
2025-07-14,SKU210,DC1,3261,3000
2025-07-14,SKU300,DC1,1472,1500
2025-07-14,SKU310,DC1,1532,1500
2025-07-14,SKU100,DC2,5991,5000
2025-07-14,SKU110,DC2,5780,5000
2025-07-14,SKU200,DC2,4319,3000
2025-07-14,SKU210,DC2,3657,3000
2025-07-14,SKU300,DC2,1643,1500
2025-07-14,SKU310,DC2,2333,1500
2025-07-14,SKU100,DC3,5068,5000
2025-07-14,SKU110,DC3,6698,5000
2025-07-14,SKU200,DC3,4497,3000
2025-07-14,SKU210,DC3,4726,3000
2025-07-14,SKU300,DC3,1604,1500
2025-07-14,SKU310,DC3,2483,1500
2025-07-21,SKU100,DC1,5814,5000
2025-07-21,SKU110,DC1,6454,5000
2025-07-21,SKU200,DC1,4541,3000
2025-07-21,SKU210,DC1,3263,3000
2025-07-21,SKU300,DC1,1861,1500
2025-07-21,SKU310,DC1,2107,1500
2025-07-21,SKU100,DC2,7113,5000
2025-07-21,SKU110,DC2,7919,5000
2025-07-21,SKU200,DC2,3467,3000
2025-07-21,SKU210,DC2,4225,3000
2025-07-21,SKU300,DC2,2015,1500
2025-07-21,SKU310,DC2,2069,1500
2025-07-21,SKU100,DC3,5668,5000
2025-07-21,SKU110,DC3,5824,5000
2025-07-21,SKU200,DC3,3289,3000
2025-07-21,SKU210,DC3,4848,3000
2025-07-21,SKU300,DC3,1771,1500
2025-07-21,SKU310,DC3,2171,1500
2025-07-28,SKU100,DC1,7841,5000
2025-07-28,SKU110,DC1,6542,5000
2025-07-28,SKU200,DC1,3098,3000
2025-07-28,SKU210,DC1,4740,3000
2025-07-28,SKU300,DC1,2194,1500
2025-07-28,SKU310,DC1,1661,1500
2025-07-28,SKU100,DC2,6119,5000
2025-07-28,SKU110,DC2,5082,5000
2025-07-28,SKU200,DC2,2837,3000
2025-07-28,SKU210,DC2,4757,3000
2025-07-28,SKU300,DC2,1508,1500
2025-07-28,SKU310,DC2,2711,1500
2025-07-28,SKU100,DC3,6443,5000
2025-07-28,SKU110,DC3,6681,5000
2025-07-28,SKU200,DC3,4230,3000
2025-07-28,SKU210,DC3,3039,3000
2025-07-28,SKU300,DC3,1557,1500
2025-07-28,SKU310,DC3,1731,1500
2025-08-04,SKU100,DC1,5739,5000
2025-08-04,SKU110,DC1,4500,5000
2025-08-04,SKU200,DC1,4124,3000
2025-08-04,SKU210,DC1,3946,3000
2025-08-04,SKU300,DC1,2098,1500
2025-08-04,SKU310,DC1,2030,1500
2025-08-04,SKU100,DC2,5080,5000
2025-08-04,SKU110,DC2,6757,5000
2025-08-04,SKU200,DC2,3674,3000
2025-08-04,SKU210,DC2,3561,3000
2025-08-04,SKU300,DC2,2509,1500
2025-08-04,SKU310,DC2,1987,1500
2025-08-04,SKU100,DC3,5261,5000
2025-08-04,SKU110,DC3,5321,5000
2025-08-04,SKU200,DC3,2579,3000
2025-08-04,SKU210,DC3,3321,3000
2025-08-04,SKU300,DC3,1657,1500
2025-08-04,SKU310,DC3,1750,1500
2025-08-11,SKU100,DC1,6829,5000
2025-08-11,SKU110,DC1,5002,5000
2025-08-11,SKU200,DC1,4135,3000
2025-08-11,SKU210,DC1,4691,3000
2025-08-11,SKU300,DC1,1859,1500
2025-08-11,SKU310,DC1,2037,1500
2025-08-11,SKU100,DC2,6357,5000
2025-08-11,SKU110,DC2,6710,5000
2025-08-11,SKU200,DC2,3676,3000
2025-08-11,SKU210,DC2,4355,3000
2025-08-11,SKU300,DC2,1676,1500
2025-08-11,SKU310,DC2,2121,1500
2025-08-11,SKU100,DC3,8168,5000
2025-08-11,SKU110,DC3,6213,5000
2025-08-11,SKU200,DC3,2875,3000
2025-08-11,SKU210,DC3,4849,3000
2025-08-11,SKU300,DC3,1241,1500
2025-08-11,SKU310,DC3,2723,1500
2025-08-18,SKU100,DC1,7164,5000
2025-08-18,SKU110,DC1,8640,5000
2025-08-18,SKU200,DC1,4653,3000
2025-08-18,SKU210,DC1,3495,3000
2025-08-18,SKU300,DC1,1854,1500
2025-08-18,SKU310,DC1,1989,1500
2025-08-18,SKU100,DC2,7165,5000
2025-08-18,SKU110,DC2,6010,5000
2025-08-18,SKU200,DC2,3994,3000
2025-08-18,SKU210,DC2,4031,3000
2025-08-18,SKU300,DC2,2389,1500
2025-08-18,SKU310,DC2,1715,1500
2025-08-18,SKU100,DC3,4116,5000
2025-08-18,SKU110,DC3,5159,5000
2025-08-18,SKU200,DC3,4003,3000
2025-08-18,SKU210,DC3,4372,3000
2025-08-18,SKU300,DC3,1995,1500
2025-08-18,SKU310,DC3,1584,1500
2025-08-25,SKU100,DC1,5955,5000
2025-08-25,SKU110,DC1,6657,5000
2025-08-25,SKU200,DC1,2603,3000
2025-08-25,SKU210,DC1,4003,3000
2025-08-25,SKU300,DC1,1709,1500
2025-08-25,SKU310,DC1,2128,1500
2025-08-25,SKU100,DC2,6148,5000
2025-08-25,SKU110,DC2,6616,5000
2025-08-25,SKU200,DC2,4518,3000
2025-08-25,SKU210,DC2,3929,3000
2025-08-25,SKU300,DC2,1961,1500
2025-08-25,SKU310,DC2,1913,1500
2025-08-25,SKU100,DC3,6406,5000
2025-08-25,SKU110,DC3,7149,5000
2025-08-25,SKU200,DC3,4278,3000
2025-08-25,SKU210,DC3,4218,3000
2025-08-25,SKU300,DC3,1632,1500
2025-08-25,SKU310,DC3,2157,1500
